rank,title,genre,platforms,release_date,developer,publisher,description
1,Clair Obscur: Expedition 33,RPG,"['PC', 'PlayStation 5', 'Xbox Series X/S']",2025-04-24,Sandfall Interactive,Kepler Interactive,"Clair Obscur: Expedition 33 is a turn-based role-playing game with real-time action elements, set in a dark fantasy world inspired by Belle Époque France. Players join Expedition 33, a group of volunteers sent on a desperate mission to stop the mysterious Paintress, a being who erases people from existence each year by painting a number. The game blends strategic party-based combat with timing-based attacks, dodges, and parries, emphasizing both planning and reflexes. It features a character-driven narrative, exploration, and a richly stylized visual presentation."
2,Silent Hill 2,Survival,"['PlayStation 2', 'Xbox', 'PC']",2001-09-24,Team Silent,Konami,"Silent Hill 2 is a psychological survival horror game following James Sunderland, who receives a letter from his deceased wife and travels to the fog-shrouded town of Silent Hill to find her. As he explores the town, he encounters disturbing monsters, unsettling characters, and surreal environments that reflect his guilt, grief, and inner trauma. Widely regarded as one of the greatest horror games of all time, it is known for its atmospheric storytelling, haunting soundtrack by Akira Yamaoka, and deep psychological themes."
3,The Witcher 3: Wild Hunt - Blood and Wine,RPG,"['PC', 'PlayStation 4', 'Xbox One', 'Nintendo Switch']",2016-05-31,CD Projekt Red,CD Projekt,"Blood and Wine is the acclaimed expansion for The Witcher 3: Wild Hunt, sending Geralt of Rivia to the vibrant duchy of Toussaint, a land untouched by war and filled with chivalric courts, vineyards, and dark secrets. The expansion adds a new region to explore, a lengthy main questline, side quests, monsters, armor and weapon sets, and the game-changing Grandmaster gear system. Geralt investigates a series of brutal murders tied to an ancient curse and a mysterious vampire threat, uncovering political intrigue and moral dilemmas along the way. Praised for its rich storytelling, memorable characters, and expansive content, Blood and Wine serves as a grand finale to Geralt’s journey."
4,Metal Gear Solid 3: Snake Eater,Action,"['PlayStation 2', 'PlayStation 3', 'Xbox 360', 'Nintendo 3DS', 'PlayStation Vita', 'PlayStation 4', 'Xbox One', 'Nintendo Switch', 'PC']",2004-11-17,Konami Computer Entertainment Japan,Konami,"Metal Gear Solid 3: Snake Eater is a stealth-action game set in 1964 during the Cold War. Players control Naked Snake, later known as Big Boss, on a mission deep in the Soviet jungle to rescue a scientist and stop a nuclear threat. The game emphasizes survival mechanics such as camouflage, hunting for food, treating injuries, and managing stamina, alongside the series’ signature stealth gameplay, close-quarters combat, and cinematic storytelling. It is widely regarded as one of the best entries in the Metal Gear series for its emotional narrative, memorable boss battles, and the origin story it provides for several major characters and conflicts in the franchise."
5,Splatoon Raiders,Action,['Nintendo Switch 2'],2026-01-01,Nintendo,Nintendo,"Splatoon Raiders is an announced action-adventure spin-off in Nintendo’s Splatoon series. It follows a new gameplay direction focused on exploration and survival-style objectives rather than the series’ traditional competitive turf war matches. Set on the mysterious Spirhalite Islands, the game puts players in the role of a mechanic who teams up with Deep Cut as they investigate the region and uncover its secrets. Nintendo has described it as a new journey for the franchise, emphasizing offbeat exploration, environmental discovery, and a fresh single-player experience. As of the latest official information, the game has been announced for Nintendo Switch 2, but a final release date has not been confirmed."
6,Disney Cory in the House,Adventure,['Nintendo DS'],2008-01-01,Handheld Games,Disney Interactive Studios,"Disney Cory in the House is a side-scrolling action-adventure game for the Nintendo DS based on the Disney Channel sitcom Cory in the House. Players control Cory Baxter as he navigates the White House and other locations, using gadgets, disguises, and mini-game challenges to help manage chaos around the president’s residence. The game features missions tied to the show’s comedic tone, puzzle-solving, item collection, and light platforming elements. It was developed as a licensed tie-in and released exclusively on the Nintendo DS, aiming at younger audiences who enjoyed the television series."
7,Resident Evil Requiem,Survival,"['PC', 'PlayStation 5', 'Xbox Series X/S']",2026-02-27,Capcom,Capcom,"Resident Evil Requiem is an upcoming survival horror game in Capcom’s long-running Resident Evil series. Announced as a new mainline-style entry, it continues the franchise’s focus on tense exploration, resource management, and combat against bio-engineered horrors. The game follows a new story set in the familiar Resident Evil universe, with a strong emphasis on atmospheric horror, cinematic presentation, and modern survival gameplay. Built for current-generation hardware and PC, it is expected to feature high-end visuals, immersive environments, and a blend of action and dread that the series is known for."
8,The Legend of Zelda: Majora's Mask,Adventure,"['Nintendo 64', 'GameCube', 'Wii Virtual Console', 'Wii U Virtual Console', 'Nintendo 3DS']",2000-04-27,Nintendo EAD,Nintendo,"The Legend of Zelda: Majora's Mask is an action-adventure game set in the dark, surreal world of Termina. As Link, players must stop the moon from crashing into the land within three in-game days by using time travel, powerful masks, and side quests that alter the fate of the inhabitants. Compared with Ocarina of Time, the game emphasizes a looping time mechanic, character routines, and a more psychological tone, making it one of the series' most distinctive entries."
9,Warcraft III: The Frozen Throne,RTS,"['PC', 'Mac OS']",2003-07-01,Blizzard Entertainment,Blizzard Entertainment,"Warcraft III: The Frozen Throne is the official expansion to Warcraft III: Reign of Chaos, expanding Blizzard’s real-time strategy game with new campaigns, heroes, units, items, and neutral buildings. It continues the story of Azeroth through multiple races and factions while adding significant multiplayer balance changes and new strategic options. The expansion includes a series of single-player campaigns that follow key characters such as Illidan Stormrage, Arthas, and the Night Elves, and it greatly deepens the lore of the Warcraft universe. The Frozen Throne is widely praised for its polished RTS gameplay, memorable narrative, and long-lasting impact on competitive gaming and custom map communities, including the rise of Defense of the Ancients (DotA)."
10,Heroes of Might and Magic III,RTS,['PC'],1999-03-03,New World Computing,3DO,"Heroes of Might and Magic III: The Restoration of Erathia is a turn-based strategy game with role-playing elements, set in the fantasy world of Enroth. Players build towns, gather resources, recruit heroes, and lead armies on a grid-based map and tactical combat battlefield. The game is known for its deep faction variety, strong scenario design, and highly replayable campaign and multiplayer modes. It became one of the most celebrated entries in the Heroes of Might and Magic series and a long-standing classic of PC strategy gaming."
11,Silent Hill 2: Restless Dreams,Survival,"['PlayStation 2', 'Xbox', 'PC']",2002-12-24,Konami Computer Entertainment Tokyo,Konami,"Silent Hill 2: Restless Dreams is an expanded version of the survival horror classic Silent Hill 2. It follows James Sunderland, who receives a mysterious letter from his deceased wife and travels to the fog-shrouded town of Silent Hill in search of answers. As James explores the town and its disturbing environments, he encounters unsettling characters, terrifying monsters, and psychological horrors that reflect his guilt and grief. Restless Dreams adds the ""Born from a Wish"" scenario, which focuses on Maria, and includes extra content beyond the original release. The game is known for its atmospheric storytelling, haunting sound design, and emotional narrative, and is widely regarded as one of the most influential survival horror games ever made."
12,Gran Turismo 4,Sports,['PlayStation 2'],2004-12-28,Polyphony Digital,Sony Computer Entertainment,"Gran Turismo 4 is a realistic racing simulation game focused on car collection, tuning, and precision driving. It features hundreds of licensed cars from numerous manufacturers, a wide variety of real and fictional tracks, and multiple modes including GT Mode, Arcade Mode, and Mission Hall challenges. The game emphasizes authentic handling, detailed vehicle progression, and long-term career-style competition, making it one of the most expansive entries in the Gran Turismo series."
13,Metal Gear Solid,Action,"['PlayStation', 'PC', 'PlayStation 3', 'PlayStation Portable', 'PlayStation Vita']",1998-09-03,Konami Computer Entertainment Japan,Konami,"Metal Gear Solid is a stealth action game following special agent Solid Snake as he infiltrates the nuclear weapons facility on Shadow Moses Island to stop FOXHOUND, a rogue special forces unit, from launching a nuclear attack. Blending cinematic storytelling, stealth-based gameplay, boss battles, and codec-driven exposition, it became a landmark title in modern game design. Directed by Hideo Kojima, the game is known for its tense atmosphere, memorable characters, and fourth-wall-breaking moments."
14,The Last of Us,Action,"['PlayStation 3', 'PlayStation 4', 'PlayStation 5', 'PC']",2013-06-14,Naughty Dog,Sony Computer Entertainment,"The Last of Us is a story-driven action-adventure game set in a post-apocalyptic United States devastated by a fungal infection that turns people into aggressive infected. Players follow Joel, a hardened survivor, and Ellie, a teenage girl who may hold the key to humanity’s future, as they journey across dangerous territory and form a deeply personal bond. The game blends stealth, exploration, resource scavenging, and tense combat, emphasizing survival and emotional storytelling. Originally released for PlayStation 3, it became one of the most acclaimed games of its generation and was later remastered and re-released for newer PlayStation platforms and PC."
15,The Last of Us Remastered,Action,"['PlayStation 4', 'PlayStation 5']",2014-07-29,Naughty Dog,Sony Computer Entertainment,"The Last of Us Remastered is an enhanced version of Naughty Dog’s critically acclaimed post-apocalyptic action-adventure game. Set in a world devastated by a fungal infection, it follows Joel, a hardened survivor, and Ellie, a teenage girl who may hold the key to humanity’s future, as they journey across the United States. The game blends stealth, exploration, resource management, and tense combat against hostile survivors and infected creatures. This remastered edition includes improved visuals, higher-resolution textures, faster frame rates, and all previously released downloadable content, including the Left Behind story chapter and multiplayer content."
16,The Witcher 3: Wild Hunt - Hearts of Stone,RPG,"['PC', 'PlayStation 4', 'Xbox One', 'Nintendo Switch']",2015-10-13,CD Projekt Red,CD Projekt,"Hearts of Stone is the first major expansion for The Witcher 3: Wild Hunt, adding a new story centered on Geralt of Rivia and the enigmatic Man of Glass. Set in the lands of Velen and Oxenfurt, the expansion introduces a dark, character-driven questline involving Olgierd von Everec and a deal with supernatural consequences. It expands the game with new main and side quests, challenging enemies, new gear, and additional gameplay systems such as Runewords that modify weapons and armor. Known for its strong writing and memorable choices, Hearts of Stone offers roughly 10 to 15 hours of content and deepens the world and lore of The Witcher universe."
17,Xenoblade Chronicles 2: Nintendo Switch 2 Edition,RPG,['Nintendo Switch 2'],2026-01-16,Monolith Soft,Nintendo,"Xenoblade Chronicles 2: Nintendo Switch 2 Edition is not a separately announced or released official version of Xenoblade Chronicles 2 as of my latest knowledge. The original Xenoblade Chronicles 2 is a massive Japanese-style role-playing game set in the Cloud Sea, where the protagonist Rex and his companion Pyra journey across the titanic living world of Alrest in search of Elysium. The game features real-time combat with Blade companions, a broad open-world structure, party-based progression, and a sweeping story centered on exploration, alliances, and the conflict between nations and powerful beings. If this title is intended to refer to a hypothetical enhanced edition for Nintendo Switch 2, no verified public release details are available."
18,Warcraft III: Reign of Chaos,RTS,['PC'],2002-07-03,Blizzard Entertainment,Blizzard Entertainment,"Warcraft III: Reign of Chaos is a fantasy real-time strategy game set in the Warcraft universe. Players command one of four factions—the Humans, Orcs, Undead, or Night Elves—while managing resources, building bases, and leading armies across a story-driven campaign. It introduced hero units that level up during battle, adding role-playing elements to classic RTS gameplay. The game is known for its cinematic presentation, memorable characters, and the foundation it laid for the later mod and custom map scene, including Defense of the Ancients."
19,StarCraft: Brood War,RTS,['PC'],1998-11-30,Blizzard Entertainment,Blizzard Entertainment,"StarCraft: Brood War is the official expansion to Blizzard Entertainment's classic real-time strategy game StarCraft. Released in 1998, it adds new units, campaign missions, and story content for the Terran, Protoss, and Zerg factions, continuing the conflict across the Koprulu Sector. The expansion is widely praised for its balanced multiplayer design, deep strategic gameplay, and influential competitive scene. Brood War became a landmark title in esports, especially in South Korea, and is still celebrated as one of the greatest RTS games ever made."
20,Age of Empires II: The Conquerors Expansion,RTS,['PC'],2000-08-24,Ensemble Studios,Microsoft Game Studios,"Age of Empires II: The Conquerors Expansion is an expansion pack for the real-time strategy game Age of Empires II: The Age of Kings. It adds five new civilizations, four new campaigns, additional units, new technologies, and gameplay improvements. The expansion introduced notable features such as the Hispaniola, Aztec, Mongol, Saladin, and Attila the Hun campaigns, alongside new civilizations including the Aztecs, Huns, Koreans, Mayans, and Spanish. It also added the ability to create garrisoned formations, set rally points for town centers and castles, and included balance changes that refined the base game's strategic depth. Widely regarded as one of the most influential RTS expansions, it remains a classic among strategy fans."
21,The Legend of Zelda: Ocarina of Time,Adventure,"['Nintendo 64', 'GameCube', 'Wii', 'Wii U', 'Nintendo 3DS']",1998-11-21,Nintendo EAD,Nintendo,"The Legend of Zelda: Ocarina of Time is an action-adventure game in which players control Link on a quest to stop Ganondorf from obtaining the Triforce and plunging Hyrule into darkness. Set across a richly connected world, the game combines exploration, puzzle-solving, dungeon crawling, and real-time combat. Its time-travel mechanic allows Link to move between childhood and adulthood, changing the world and story events in significant ways. The game is widely celebrated for its innovative Z-targeting combat system, cinematic presentation, memorable dungeons, and influential design that helped define 3D adventure games."
22,Chrono Trigger,RPG,"['Super Nintendo Entertainment System', 'PlayStation', 'Nintendo DS', 'iOS', 'Android', 'PC']",1995-03-11,Square,Square,"Chrono Trigger is a landmark Japanese role-playing game developed by Square. It follows a group of heroes traveling across different eras of history to prevent a global catastrophe and stop the destruction of the world. Known for its time-travel plot, memorable characters, multiple endings, active-time battle system, and art and music by a dream team of creators, the game is widely regarded as one of the greatest RPGs of all time. It blends exploration, turn-based combat, and branching story choices into a highly replayable adventure."
23,Planescape: Torment,RPG,"['PC', 'Mac OS']",1999-04-12,Black Isle Studios,Interplay Entertainment,"Planescape: Torment is a story-driven isometric role-playing game set in the Planescape Dungeons & Dragons universe. Players control the Nameless One, an immortal amnesiac who awakens in the city of Sigil and must uncover the mystery of his past lives while navigating bizarre planar realms, philosophical factions, and morally complex choices. The game is renowned for its deep writing, unconventional combat-light design, and emphasis on dialogue, exploration, and character interaction over traditional combat."
24,Resident Evil 4 (2005),Survival,"['GameCube', 'PlayStation 2', 'Windows', 'Wii']",2005-01-11,Capcom Production Studio 4,Capcom,"Resident Evil 4 is a third-person survival horror game in which Leon S. Kennedy is sent to a remote rural village in Europe to rescue the U.S. president’s daughter, Ashley Graham. The game shifts the series toward more action-focused combat while retaining tension, resource management, and horror elements. Players fight infected villagers and mutated enemies, solve puzzles, upgrade weapons, and protect Ashley through varied environments including villages, castles, and laboratories. It is widely regarded as one of the most influential and acclaimed games of its era."
25,Planescape: Torment,RPG,"['PC', 'Mac OS', 'Linux', 'PlayStation 4', 'Xbox One', 'Nintendo Switch']",1999-12-12,Black Isle Studios,Interplay Entertainment,"Planescape: Torment is a story-driven isometric role-playing game set in the Planescape campaign setting of Dungeons & Dragons. Players control the Nameless One, an immortal man awakening in the city of Sigil with no memory of his past and a body covered in mysterious scars. The game emphasizes dialogue, choice, and character interaction over combat, with quests often resolved through conversation, exploration, and creative problem-solving. Its narrative explores identity, mortality, and redemption, and is widely regarded as one of the most acclaimed RPGs ever made."
26,Chrono Trigger,RPG,"['Super Nintendo Entertainment System', 'PlayStation', 'Nintendo DS', 'iOS', 'Android', 'PC']",1995-03-11,Square,Square,"Chrono Trigger is a classic role-playing game developed by Square and originally released for the Super Nintendo Entertainment System. It follows a group of heroes who travel through time to prevent a global catastrophe caused by the monster Lavos. The game is known for its time-travel story, multiple endings, memorable characters, and innovative battle system that combines active-time combat with team-based special attacks. It was created by a celebrated development team including Hironobu Sakaguchi, Yuji Horii, and Akira Toriyama, and is widely regarded as one of the greatest video games of all time."
27,The Legend of Zelda: Ocarina of Time,Adventure,"['Nintendo 64', 'GameCube', 'Wii', 'Wii U', 'Nintendo 3DS']",1998-11-21,Nintendo EAD,Nintendo,"The Legend of Zelda: Ocarina of Time is an action-adventure game that follows Link as he journeys across Hyrule to stop Ganondorf from obtaining the Triforce and plunging the world into darkness. Armed with the Ocarina of Time, Link can manipulate time, solve intricate dungeons, and explore a vast, interconnected world filled with memorable characters, puzzles, and combat. The game introduced Z-targeting, context-sensitive controls, and a cinematic 3D adventure structure that became highly influential on future games. Widely regarded as one of the greatest video games ever made, it blends exploration, dungeon design, and storytelling into a landmark experience for the Nintendo 64."
28,Gothic II: Gold Edition,RPG,['PC'],2003-11-29,Piranha Bytes,Jowood Productions,"Gothic II: Gold Edition is a classic single-player action RPG set in the dark fantasy world of the Gothic series. It includes Gothic II and the Night of the Raven expansion, adding new quests, characters, areas, and a higher level of challenge. Players continue the story of the nameless hero as he rises from humble beginnings, joins factions, explores dangerous open-world regions, and battles humans, beasts, and ancient magical threats. The game is known for its immersive world, difficult combat, faction-based progression, and strong emphasis on exploration and character development."
29,Half-Life 2,Shooter,"['PC', 'Xbox', 'Xbox 360', 'PlayStation 3', 'macOS', 'Linux', 'Android']",2004-11-16,Valve,Valve,"Half-Life 2 is a first-person shooter set in the dystopian City 17, where player Gordon Freeman joins a resistance movement against the alien Combine occupation. Building on the original Half-Life, the game combines fast-paced combat, physics-based puzzles, and atmospheric storytelling with the Source engine's advanced facial animation and realistic environments. Players use the iconic Gravity Gun, a wide arsenal of weapons, and environmental objects to solve problems and fight enemies. Widely praised for its narrative, level design, and technical innovation, Half-Life 2 is considered one of the most influential video games ever made."
30,Grand Theft Auto: San Andreas,Action,"['PlayStation 2', 'Xbox', 'Windows PC', 'Mac OS X', 'Android', 'iOS', 'PlayStation 3', 'Xbox 360', 'PlayStation 4', 'Xbox One', 'Nintendo Switch']",2004-10-26,Rockstar North,Rockstar Games,"Grand Theft Auto: San Andreas is an open-world action game set in the early 1990s in the fictional state of San Andreas, which is based on California and Nevada. Players control Carl ""CJ"" Johnson, who returns to Los Santos after his mother’s death and becomes drawn into gang warfare, corruption, crime, and personal struggle as he tries to rebuild his life and protect his family. The game is known for its huge map, varied missions, character customization, driving and shooting mechanics, and role-playing elements such as stamina, weight, and skill progression. It became one of the most influential and best-selling games of its era."
31,Midnight Club 3: DUB Edition Remix,RPG,"['PlayStation 2', 'Xbox', 'PlayStation Portable']",2006-03-13,Rockstar San Diego,Rockstar Games,"Midnight Club 3: DUB Edition Remix is an arcade-style open-world racing game focused on illegal street racing across large urban environments. Players compete in high-speed races, time trials, and other event types while customizing licensed cars and motorcycles with performance upgrades and visual modifications. Remix expands on Midnight Club 3: DUB Edition with additional vehicles, more music, and extra races and challenges, including content inspired by other entries in the series. The game emphasizes fast, accessible driving, aggressive traffic-dodging, and route memorization, with a strong soundtrack and extensive vehicle roster that includes cars from manufacturers such as Cadillac, Dodge, Mitsubishi, and Nissan. Its multiplayer modes and deep customization helped make it a standout of the genre."
32,God of War II,Action,['PlayStation 2'],2007-03-13,Santa Monica Studio,Sony Computer Entertainment,"God of War II is a hack-and-slash action-adventure game and the sequel to God of War. Players again control Kratos, the Spartan warrior turned God of War, as he is betrayed by Zeus and stripped of his power. Seeking revenge, Kratos embarks on a brutal quest through Greek mythology, battling gods, titans, and monsters while solving environmental puzzles and using a wide range of combat abilities. The game is known for its cinematic presentation, fast-paced combat, large-scale boss fights, and dramatic story."
33,Pokemon HeartGold Version,RPG,['Nintendo DS'],2009-09-12,Game Freak,Nintendo,"Pokémon HeartGold Version is a role-playing game and enhanced remake of Pokémon Gold, originally released for the Game Boy Color. Set in the Johto region, players begin as a young Pokémon Trainer and journey to collect Gym Badges, defeat the Elite Four, and stop the criminal organization Team Rocket. The game features updated graphics, touch-screen support, and the Pokéwalker accessory, which lets players transfer Pokémon and earn experience by walking with the device. HeartGold also includes the ability to have the lead Pokémon follow the player in the overworld, a fan-favorite feature inspired by Pokémon Yellow. After completing the Johto storyline, players can travel to the Kanto region for a second adventure, making it one of the series' largest and most content-rich entries. The game emphasizes exploration, collection, turn-based battles, and trading between versions to complete the Pokédex."
34,Persona 4 Golden,RPG,"['PlayStation Vita', 'PC', 'PlayStation 4', 'Xbox One', 'Xbox Series X|S', 'Nintendo Switch']",2012-06-14,Atlus,Atlus,"Persona 4 Golden is an enhanced version of Persona 4, blending dungeon-crawling RPG combat with life simulation elements. Set in the rural town of Inaba, the story follows a high school student who arrives for a year and becomes involved in investigating a series of mysterious murders linked to the TV World. Players balance everyday school life, friendships, part-time jobs, and social links with turn-based battles, Persona fusion, and exploring randomly generated dungeons. Golden adds new story content, an additional social link, improved visuals, voice work, quality-of-life changes, and new gameplay features, making it one of the most acclaimed entries in the Persona series."
35,The Legend of Zelda: Ocarina of Time 3D,Adventure,['Nintendo 3DS'],2011-06-16,Grezzo,Nintendo,"The Legend of Zelda: Ocarina of Time 3D is a Nintendo 3DS remake of the classic action-adventure game originally released for the Nintendo 64. It follows Link’s journey across the land of Hyrule as he travels through time to stop Ganondorf from obtaining the Triforce and plunging the world into darkness. The remake features enhanced 3D visuals, improved character models and textures, updated touchscreen inventory management, a redesigned boss challenge mode, and refined controls tailored to the 3DS hardware. It preserves the original game’s iconic dungeons, puzzles, and exploration while making the experience more accessible and visually polished for modern players."
36,Baldur's Gate 3,RPG,"['PC', 'PlayStation 5', 'macOS', 'Xbox Series X/S']",2023-08-03,Larian Studios,Larian Studios,"Baldur's Gate 3 is a critically acclaimed party-based role-playing game set in the Dungeons & Dragons universe. Players create a custom character or choose an origin hero, then explore the Forgotten Realms while building a party, making story-altering choices, and engaging in deep tactical turn-based combat. The game features branching quests, extensive companion interactions, and strong replayability through its reactive narrative and multiple outcomes. It is known for its cinematic presentation, freedom of approach, and faithful use of D&D 5th Edition-inspired mechanics."
37,Metal Gear Solid HD Collection,Action,"['PlayStation 3', 'Xbox 360', 'PlayStation Vita']",2011-11-08,Kojima Productions,Konami,"Metal Gear Solid HD Collection is a remastered compilation of classic stealth-action games from Hideo Kojima’s Metal Gear series, updated in high definition for modern consoles. The collection includes Metal Gear Solid 2: Sons of Liberty, Metal Gear Solid 3: Snake Eater, and Metal Gear Solid: Peace Walker, with improved visuals, widescreen support, and updated controls for smoother play. Each game delivers a mix of tactical espionage, cinematic storytelling, and elaborate boss encounters, with players relying on stealth, camouflage, and strategy rather than direct combat. The collection also includes bonus content such as digital comics and achievement support, making it a comprehensive way to experience some of the most acclaimed entries in the franchise."
38,Bloodborne: The Old Hunters,Action,['PlayStation 4'],2015-11-24,FromSoftware,Sony Computer Entertainment,"Bloodborne: The Old Hunters is an expansion for Bloodborne that adds a substantial new chapter to the game’s gothic horror world. Set in the Hunter’s Nightmare, it introduces new areas, weapons, armor, and enemies, along with several challenging boss encounters. The expansion deepens the lore surrounding the hunters who came before and the tragic history tied to the Healing Church and Byrgenwerth. Known for its high difficulty and aggressive combat, The Old Hunters is widely regarded as one of the best DLC expansions of its generation, offering new ways to fight and revealing more of Bloodborne’s unsettling story."
39,The Witcher 3: Wild Hunt,RPG,"['PC', 'PlayStation 4', 'Xbox One', 'Nintendo Switch', 'PlayStation 5', 'Xbox Series X/S']",2015-05-19,CD Projekt Red,CD Projekt,"The Witcher 3: Wild Hunt is an open-world action RPG based on Andrzej Sapkowski’s Witcher novels. Players control Geralt of Rivia, a monster hunter searching for his adopted daughter Ciri while navigating a war-torn world filled with political intrigue, dangerous creatures, and moral choices that shape the story. The game features expansive exploration, real-time combat, alchemy, character progression, and numerous branching quests. It is widely praised for its storytelling, world design, and memorable side content, and it includes major expansions: Hearts of Stone and Blood and Wine."
40,Stellar Blade,Action,"['PlayStation 5', 'PC']",2024-04-26,Shift Up,Sony Interactive Entertainment,"Stellar Blade is a third-person action game set in a post-apocalyptic future where humanity has retreated to a colony in space after Earth is overrun by hostile creatures called the Naytiba. Players control Eve, an elite soldier sent to reclaim the planet, as she battles through ruined cities, hostile environments, and powerful bosses. The game combines fast-paced combat, evasive movement, and precise parries with light exploration, RPG-style progression, and collectible upgrades. Developed by Shift Up, Stellar Blade is known for its striking visual presentation, cinematic style, and demanding combat encounters."
41,Half-Life: Alyx,Shooter,"['PC', 'VR']",2020-03-23,Valve,Valve,"Half-Life: Alyx is a first-person VR shooter set between the events of Half-Life and Half-Life 2. Players control Alyx Vance as she and her father Eli lead a resistance against the alien Combine occupation of Earth. Built from the ground up for virtual reality, the game emphasizes immersive interaction, puzzle-solving, exploration, and combat using realistic physics, gravity gloves, and improvised weapons. It is widely praised for its atmospheric storytelling, technical polish, and innovative VR gameplay, and it helped define modern AAA virtual reality experiences."
42,Ghost of Tsushima,Action,"['PlayStation 4', 'PlayStation 5', 'PC']",2020-07-17,Sucker Punch Productions,Sony Interactive Entertainment,"Ghost of Tsushima is an open-world action-adventure game set during the Mongol invasion of Tsushima Island in 1274. Players control Jin Sakai, a samurai forced to abandon traditional honor-bound combat to become the Ghost, using stealth, deception, and guerrilla tactics to defend his home and people. The game blends cinematic sword combat, exploration, and side quests across a beautifully rendered feudal Japanese landscape. It is known for its striking art direction, wind-guided navigation system, and emotional story about sacrifice, identity, and resistance."
43,Pikmin 2,Adventure,['GameCube'],2004-04-29,Nintendo EAD,Nintendo,"Pikmin 2 is a real-time strategy adventure game in which players guide Captain Olimar and Louie as they explore a mysterious planet to recover treasure for their company’s debt-ridden Hocotate Freight. Building on the original Pikmin, the game expands the formula with two playable leaders, more Pikmin types, underground cave areas, and a stronger emphasis on collecting treasure rather than managing a strict day limit. Players command small plant-like creatures called Pikmin to battle enemies, solve environmental puzzles, and transport objects back to the ship. The game is known for its strategic depth, charming art style, and challenging cave exploration."
44,Rome: Total War,RTS,"['PC', 'iOS', 'Android']",2004-09-22,Creative Assembly,Activision,"Rome: Total War is a real-time strategy and turn-based tactics game set during the rise of the Roman Republic and Empire. Players manage a faction on a strategic campaign map, handling diplomacy, trade, religion, construction, and army movement, while battles are fought in large-scale real-time combat featuring infantry, cavalry, siege weapons, and naval forces. The game is known for its blend of grand strategy and tactical warfare, allowing players to conquer and control territories across the ancient Mediterranean world. It was originally released for PC and later brought to mobile platforms in an enhanced version by Feral Interactive."
45,Super Mario Galaxy,Adventure,['Wii'],2007-11-12,Nintendo EAD Tokyo,Nintendo,"Super Mario Galaxy is a 3D platform adventure game in which Mario travels across a series of small planets and galaxies to rescue Princess Peach from Bowser. The game uses gravity-based movement, allowing players to run around spherical worlds, leap between floating platforms, and explore creative space-themed environments. Mario collects Power Stars by completing platforming challenges, solving light puzzles, and defeating enemies. It introduced motion controls through the Wii Remote, including spin attacks and pointer-based actions. Widely praised for its inventive level design, orchestral music, visuals, and polished gameplay, it is considered one of the best platformers ever made."
46,Phoenix Wright: Ace Attorney - Trials and Tribulations,Adventure,"['Game Boy Advance', 'Nintendo DS', 'Wii', 'iOS', 'Android', 'Nintendo 3DS', 'PC', 'Nintendo Switch', 'PlayStation 4', 'Xbox One']",2004-01-23,Capcom,Capcom,"Phoenix Wright: Ace Attorney - Trials and Tribulations is the third main entry in Capcom’s Ace Attorney visual novel adventure series. Players control defense attorney Phoenix Wright as he investigates crime scenes, gathers evidence, and battles eccentric prosecutors in dramatic courtroom trials. The game centers on a set of interconnected cases featuring a deeper look into Phoenix’s past, including the return of key characters such as Mia Fey and the introduction of memorable new rivals and clients. Known for its clever writing, emotional story arcs, and twist-filled mysteries, it builds on the series’ investigation and cross-examination mechanics with a strong focus on character drama and courtroom logic. Originally released in Japan for the Game Boy Advance, it later appeared on Nintendo DS and was subsequently ported to multiple modern platforms in various compilations and remasters."
47,Banjo-Kazooie,Adventure,"['Nintendo 64', 'Xbox 360', 'Xbox One', 'Xbox Series X/S']",1998-06-29,Rare,Nintendo,"Banjo-Kazooie is a 3D platform-adventure game following Banjo, a bear, and Kazooie, a wisecracking bird who lives in his backpack. Together they explore Gruntilda’s lair and a series of colorful worlds, collecting Jiggies, musical notes, and other items to progress through the game. Players solve light puzzles, battle enemies, and unlock new moves as they search to rescue Banjo’s sister Tooty from the witch Gruntilda. Known for its bright art style, clever humor, memorable music, and tightly designed collectathon gameplay, Banjo-Kazooie became one of the defining titles of the Nintendo 64 era."
48,Crash Bandicoot: Warped,Adventure,['PlayStation'],1998-10-31,Naughty Dog,Sony Computer Entertainment,"Crash Bandicoot: Warped is a 3D platform-adventure game in which players guide Crash and Coco through time-traveling stages across prehistoric, ancient Egyptian, medieval, underwater, and futuristic settings. As the third main entry in the series, it expands the formula with varied gameplay styles, including standard platforming, vehicle levels, jet-ski sections, flying stages, and vehicle combat. Players collect Wumpa Fruit, gather power-ups, and defeat enemies and bosses while using new abilities like the double jump and body slam. The game is widely regarded as one of the best titles on the original PlayStation and is known for its polished level design, humor, and replay value."
49,Xenogears,RPG,['PlayStation'],1998-02-11,Square,Square,"Xenogears is a Japanese role-playing game set in a sprawling science-fiction and fantasy world. Players follow Fei Fong Wong as he uncovers his mysterious past while becoming entangled in political conflicts, ancient technology, and a deep story involving religion, identity, and human history. The game features turn-based combat on foot and in giant humanoid mechs called Gears, with an emphasis on combo-based martial arts attacks and strategic resource management. Known for its ambitious narrative, complex themes, and memorable soundtrack, Xenogears is widely regarded as a cult classic of the original PlayStation era."
50,The Legend of Zelda: The Wind Waker,Adventure,"['GameCube', 'Wii U']",2002-12-13,Nintendo EAD,Nintendo,"The Legend of Zelda: The Wind Waker is an action-adventure game set in a vast flooded world where islands replace much of the old land. Players control Link as he sails the Great Sea aboard the King of Red Lions, exploring dungeons, solving puzzles, battling enemies, and searching for pieces of the Triforce to rescue his sister and confront Ganondorf. The game is known for its distinctive cel-shaded art style, expressive characters, and emphasis on ocean exploration. It introduced the Wind Waker baton, which lets Link control the wind and other musical functions to navigate and progress through the adventure."
51,Age of Empires II: The Age of Kings,RTS,['PC'],1999-09-30,Ensemble Studios,Microsoft,"Age of Empires II: The Age of Kings is a real-time strategy game set in the medieval era. Players choose from a variety of historical civilizations and build economies, train armies, and advance through the Ages while managing resources such as food, wood, gold, and stone. The game features a long single-player campaign based on historical events and figures, as well as competitive multiplayer battles. It is widely praised for its balanced civilization design, strategic depth, and engaging progression system, and it became one of the most influential RTS games ever made."
52,Banjo-Kazooie,Adventure,"['Nintendo 64', 'Xbox 360', 'Xbox One', 'Xbox Series X|S']",1998-06-29,Rare,Rare,"Banjo-Kazooie is a 3D platform adventure game in which players control Banjo, a friendly bear, and Kazooie, his bird companion, as they journey through colorful worlds to rescue Banjo’s sister Tooty from the witch Gruntilda. Developed by Rare, the game is known for its collectible-focused exploration, humorous writing, varied moveset, and memorable level design. Players navigate hub areas and themed worlds, collecting musical notes, jigsaw pieces called Jiggies, and other items to unlock new areas and progress through the adventure. The game became one of the defining platformers of the Nintendo 64 era and is widely praised for its charm, music, and polished gameplay."
53,Crash Bandicoot: Warped,Action,['PlayStation'],1998-10-31,Naughty Dog,Sony Computer Entertainment,"Crash Bandicoot: Warped is a 3D platform action game in which Crash and Coco travel through time to recover the stolen Crystals and prevent the evil Doctor Neo Cortex and Uka Uka from altering history. Players tackle a wide variety of levels set across different eras, including ancient Egypt, medieval castles, the Great Wall of China, and underwater ruins. The game expands on the series’ signature platforming with new playable mechanics such as vehicle stages, underwater sections, jet-skiing, motorcycle races, and time-trial challenges. It features tighter controls, polished graphics, and a larger move set than its predecessors, along with boss battles and secret levels that reward exploration. Widely praised for its variety, pace, and refinement, Warped is considered one of the standout titles in the original Crash Bandicoot trilogy."
54,System Shock 2,RPG,"['PC', 'Mac OS']",1999-08-11,Irrational Games,Electronic Arts,"System Shock 2 is a science-fiction action role-playing survival horror game set aboard the starship Von Braun. Players awaken from cryogenic sleep to investigate a deadly outbreak caused by a hostile parasitic cybernetic intelligence, SHODAN, while battling mutated crew members and rogue machines. The game blends first-person combat, stealth, hacking, psionic abilities, and character progression through an RPG skill system, creating a tense atmosphere where resources are scarce and choices matter. Widely regarded as a landmark immersive sim, it is praised for its deep systems, environmental storytelling, and oppressive horror atmosphere."
55,Diablo II: Lord of Destruction,RPG,['PC'],2001-06-29,Blizzard North,Blizzard Entertainment,"Diablo II: Lord of Destruction is the expansion to Diablo II, adding new story content, two playable classes, a fifth act, and major gameplay improvements. It introduces the Assassin and Druid, expands the level cap, adds new items and runewords, and features the snowy campaign of Act V as players battle Baal and the forces of the Burning Hells. The expansion is known for deep loot-driven action RPG gameplay, cooperative multiplayer through Battle.net, and lasting influence on the genre."
56,Baldur's Gate II: Shadows of Amn,RPG,['PC'],2000-09-21,BioWare,Interplay Entertainment,"Baldur's Gate II: Shadows of Amn is a classic isometric party-based role-playing game set in the Dungeons & Dragons Forgotten Realms universe. It follows the captured Child of Bhaal and their companions as they escape imprisonment and travel across the land of Amn, facing powerful enemies, political intrigue, and supernatural threats. The game is known for its deep branching dialogue, memorable companions, tactical real-time-with-pause combat, extensive character progression, and rich story-driven quest design. Widely regarded as one of the greatest RPGs ever made."
57,Silent Hill 2: Director's Cut,Survival,"['PlayStation 2', 'Xbox', 'PC']",2002-12-19,Team Silent,Konami,"Silent Hill 2: Director's Cut is an expanded edition of the acclaimed psychological survival horror game Silent Hill 2. It follows James Sunderland, who receives a mysterious letter from his dead wife and travels to the fog-shrouded town of Silent Hill in search of answers. As he explores the eerie streets and disturbing interiors, he encounters grotesque monsters, cryptic characters, and deeply unsettling visions that blur the line between reality and guilt-driven delusion. The Director's Cut includes additional content, such as the ""Born from a Wish"" side scenario featuring Maria, along with new endings and extra camera options in some versions. Known for its atmosphere, symbolism, emotional storytelling, and haunting soundtrack by Akira Yamaoka, Silent Hill 2 is widely regarded as one of the most influential horror games ever made."
58,Deus Ex,RPG,"['PC', 'Mac OS', 'PlayStation 2']",2000-06-26,Ion Storm,Eidos Interactive,"Deus Ex is a first-person action role-playing game set in a near-future cyberpunk world where conspiracy, corporate power, and advanced technology collide. Players control JC Denton, a nano-augmented agent working for UNATCO, as he uncovers a layered global conspiracy involving secret organizations, bioterrorism, and political manipulation. The game is known for its highly flexible mission design, allowing objectives to be approached through combat, stealth, hacking, lockpicking, dialogue choices, and exploration. Player decisions and skill choices shape how levels are completed and can influence story outcomes. Combining immersive sim mechanics with RPG progression, Deus Ex is widely regarded as a landmark title for player freedom, branching narrative design, and its blend of shooting, role-playing, and stealth systems."
59,Metal Gear Solid: The Legacy Collection,Action,"['Console', 'PlayStation 3']",2013-07-09,Kojima Productions,Konami,"Metal Gear Solid: The Legacy Collection is a compilation package for the PlayStation 3 that brings together a broad selection of games from the Metal Gear series. It includes Metal Gear, Metal Gear 2: Solid Snake, Metal Gear Solid, Metal Gear Solid 2: Sons of Liberty HD, Metal Gear Solid 3: Snake Eater HD, Metal Gear Solid 4: Guns of the Patriots, Metal Gear Solid: Peace Walker HD, and additional bonus materials such as digital graphic novels and a special trophy list. The collection was designed as a celebration of Hideo Kojima’s stealth-action franchise, offering a convenient way for players to experience the series’ key story chapters and modernized HD releases in one package."
60,God of War,Action,"['PlayStation 4', 'PC']",2018-04-20,Santa Monica Studio,Sony Interactive Entertainment,"God of War is an action-adventure game that reimagines the classic series with a more intimate, cinematic story. Set in the realm of Norse mythology, it follows Kratos, the former Greek god, and his young son Atreus as they journey to fulfill the final wish of Kratos’ deceased wife: to spread her ashes from the highest peak in the realms. The game combines brutal, weighty combat with puzzle solving, exploration, and character-driven storytelling. Its over-the-shoulder camera, Leviathan Axe weapon, and emphasis on father-son relationship helped define the reboot’s identity. Released to critical acclaim, God of War won numerous Game of the Year awards and became one of the most celebrated PlayStation titles of its generation."
61,Red Dead Redemption 2,Action,"['PlayStation 4', 'Xbox One', 'PC', 'Stadia']",2018-10-26,Rockstar Games,Rockstar Games,"Red Dead Redemption 2 is an open-world Western action-adventure game set in 1899 during the decline of the American frontier. Players follow Arthur Morgan, an outlaw and member of the Van der Linde gang, as the group struggles against lawmen, rival gangs, and internal conflict after a failed robbery. The game features a vast, detailed world with dynamic weather, hunting, horseback riding, story-driven missions, and emergent exploration. Its narrative focuses on loyalty, survival, and the fading age of the outlaw, and it is widely praised for its writing, realism, animation, and immersive atmosphere."
62,Hollow Knight,Adventure,"['PC', 'Nintendo Switch', 'PlayStation 4', 'Xbox One', 'macOS', 'Linux']",2017-02-24,Team Cherry,Team Cherry,"Hollow Knight is a critically acclaimed 2D action-adventure Metroidvania set in the fallen insect kingdom of Hallownest. Players explore a vast interconnected world filled with challenging enemies, hidden paths, environmental storytelling, and tough boss battles. As a silent, unnamed knight, you uncover the kingdom’s history, gain new abilities, and delve deeper into its haunting depths. Known for its atmospheric art, tight controls, and rich sense of discovery, Hollow Knight blends precise combat with platforming and exploration in a beautifully hand-drawn world."
63,Astral Chain,Action,['Nintendo Switch'],2019-08-30,PlatinumGames,Nintendo,"Astral Chain is a sci-fi action game set in a futuristic city called The Ark, where humanity is under attack by otherworldly invaders known as the Chimera. Players take on the role of a Neuron officer who, alongside a customizable Legion—an extradimensional combat partner—uses tactical chain-based combat to investigate anomalies, rescue civilians, and fight back against the threat. The game blends fast-paced melee action, puzzle-solving, exploration, and detective-style investigation. Its dual-character combat system emphasizes coordination between the player and the Legion, allowing for combo attacks, crowd control, and special abilities. Directed by Takahisa Taura and produced by Yusuke Miyata, Astral Chain was praised for its stylish presentation, inventive combat mechanics, and unique cyberpunk aesthetic."
64,Hollow Knight: Voidheart Edition,Adventure,"['PC', 'PlayStation 4', 'Xbox One', 'Nintendo Switch']",2018-09-25,Team Cherry,Team Cherry,"Hollow Knight: Voidheart Edition is the definitive version of Team Cherry’s critically acclaimed action-adventure Metroidvania. Set in the ruined underground kingdom of Hallownest, players control a silent knight exploring vast interconnected areas, battling challenging enemies and bosses, and uncovering secrets through non-linear progression. The Voidheart Edition includes the original game plus all major free content updates, adding new bosses, quests, abilities, and endings. With precise combat, atmospheric hand-drawn art, and a haunting score, it is known for its deep exploration, demanding gameplay, and rich lore."
65,OMORI,RPG,"['PC', 'Nintendo Switch', 'PlayStation 4', 'Xbox One']",2020-12-25,"OMOCAT, LLC","OMOCAT, LLC","OMORI is a psychological horror role-playing game developed by OMOCAT, LLC. Players explore a surreal dream world and a darker real-world setting while guiding a reclusive boy named Sunny and his dream alter ego Omori. The game combines traditional turn-based combat with exploration, puzzles, and branching story elements. Its narrative focuses on friendship, trauma, memory, and mental health, shifting between whimsical and unsettling imagery as the story unfolds."
66,Final Fantasy XIV: Shadowbringers,RPG,"['PC', 'PlayStation 4', 'PlayStation 5']",2019-07-02,Square Enix,Square Enix,"Final Fantasy XIV: Shadowbringers is the third major expansion for the MMORPG Final Fantasy XIV. It follows the Warrior of Light to the First, a reflection of the Source threatened by the collapse of the Lightwardens and the Flood of Light. Players take on the role of the Warrior of Darkness, exploring new regions such as Norvrandt, Rak'tika Greatwood, Il Mheg, and the Tempest while uncovering the mystery of the Exarch and confronting powerful enemies like Emet-Selch. The expansion raised the level cap, introduced two new jobs—Gunbreaker and Dancer—and added new dungeons, raids, trials, and a major story arc widely praised for its writing, characters, and worldbuilding."
67,Silent Hill 2,Adventure,"['PlayStation 2', 'Xbox', 'PC']",2001-09-24,Team Silent,Konami,"Silent Hill 2 is a psychological survival horror adventure game set in the fog-shrouded town of Silent Hill. Players follow James Sunderland, who receives a letter from his deceased wife and travels to the town to search for her, uncovering disturbing truths about his past and the nature of guilt, grief, and loss. The game is known for its unsettling atmosphere, symbolic storytelling, memorable monsters, and haunting soundtrack by Akira Yamaoka. Its focus on exploration, puzzle-solving, and tense combat helped define one of the most acclaimed entries in the survival horror genre."
68,Fire Emblem: Awakening,RPG,['Nintendo 3DS'],2012-04-19,Intelligent Systems,Nintendo,"Fire Emblem: Awakening is a tactical role-playing game set on the continent of Ylisse, where the kingdoms of Ylisse and Plegia are threatened by war and the rise of the Fell Dragon Grima. Players command a squad of characters on grid-based battlefields, using turn-based strategy, terrain, class abilities, and support relationships to defeat enemies. The game features deep unit customization through class changes, a marriage and child system that affects character progression, and the ability to build relationships that influence combat performance. Awakening was designed to be more accessible than earlier entries in the series while still offering the challenge and permadeath options the franchise is known for. Its story follows Prince Chrom, the tactician Avatar, and the Shepherds as they fight to protect their homeland and uncover the truth behind recurring conflict. The game was widely praised for its engaging characters, refined gameplay systems, and strong presentation, helping revitalize the Fire Emblem series in the West."
69,Metroid Prime Trilogy,Adventure,['Wii'],2009-08-24,Retro Studios,Nintendo,"Metroid Prime Trilogy is a compilation of the three first-person adventure games in Nintendo’s Metroid Prime series: Metroid Prime, Metroid Prime 2: Echoes, and Metroid Prime 3: Corruption. Released for the Wii, it updates the original GameCube titles and includes Wii Remote and Nunchuk motion controls, along with enhanced presentation and convenience features. Players explore alien worlds as bounty hunter Samus Aran, scanning environments, solving puzzles, uncovering lore, and battling hostile creatures and powerful bosses. The trilogy is widely regarded as one of the best ways to experience the Prime saga, combining atmospheric exploration, combat, and progression-based discovery into one package."
70,Bayonetta 2,Action,"['Wii U', 'Nintendo Switch']",2014-09-20,PlatinumGames,Nintendo,"Bayonetta 2 is a stylish action game following the witch Bayonetta as she fights angels, demons, and other supernatural foes in fast-paced, combo-driven combat. It builds on the original game with refined mechanics, larger set-piece battles, and the signature “Witch Time” slow-motion dodge system. The story sends Bayonetta on a mission to save her friend Jeanne’s soul, leading to over-the-top encounters across diverse locations and massive cinematic boss fights. The game is known for its smooth combat, inventive weapon variety, and high production values."
71,Super Mario Galaxy 2,Adventure,['Wii'],2010-05-23,Nintendo EAD,Nintendo,"Super Mario Galaxy 2 is a 3D platforming adventure game in which Mario travels across a series of imaginative planets and galaxies to rescue Princess Peach from Bowser. Built around gravity-defying movement, the game expands on the original Super Mario Galaxy with new power-ups, more varied level designs, and the return of Yoshi, who adds fresh traversal and gameplay options. Players collect Power Stars by completing challenges, exploring secret areas, and mastering precision platforming across colorful, compact stages. The game is known for its inventive mechanics, polished controls, and high difficulty compared with many other Mario titles, making it a standout entry in the series and one of the most acclaimed platformers on the Wii."
72,Kingdom Hearts II,RPG,['PlayStation 2'],2005-12-22,Square Enix,Square Enix,"Kingdom Hearts II is an action RPG that follows Sora, Donald, and Goofy as they continue their journey through Disney-themed worlds and original Square Enix settings. Players battle with the iconic Keyblade while teaming up with familiar Disney and Final Fantasy characters to stop the forces of the Heartless and Organization XIII. The game expands on the series' fast-paced combat with new abilities, Drive Forms, and Reaction Commands, and tells a more complex story that connects to the larger Kingdom Hearts narrative."
73,Super Mario Galaxy,Adventure,"['Wii', 'Nintendo Switch']",2007-11-01,Nintendo EAD,Nintendo,"Super Mario Galaxy is a 3D platform adventure in which Mario travels across a series of imaginative planets and galaxies to rescue Princess Peach from Bowser. Released for the Nintendo Wii, the game is known for its gravity-defying movement, creative level design, and use of motion controls. Players collect Power Stars, explore diverse cosmic worlds, and use unique power-ups and planet mechanics to navigate space-based challenges. The game was widely praised for its controls, visuals, orchestral soundtrack, and inventive gameplay. It was later re-released as part of Super Mario 3D All-Stars on Nintendo Switch."
74,Rome: Total War,RTS,['PC'],2004-09-22,Creative Assembly,Activision,"Rome: Total War is a grand strategy and real-time tactics game set during the rise of the Roman Republic and Empire. Players manage provinces, armies, diplomacy, economy, and politics on a turn-based campaign map, while battles unfold in real time with thousands of troops on the field. The game features three Roman factions, multiple non-Roman factions, and a historical campaign centered on Rome’s expansion across the Mediterranean and beyond. It is known for its large-scale battles, tactical depth, and detailed portrayal of ancient warfare."
75,Paper Mario: The Thousand-Year Door,RPG,['GameCube'],2004-07-22,Intelligent Systems,Nintendo,"Paper Mario: The Thousand-Year Door is a turn-based role-playing game in which Mario teams up with a cast of unique partners to collect the seven Crystal Stars and uncover the mystery of the Thousand-Year Door in Rogueport. The game blends classic RPG combat with timing-based action commands, paper-themed exploration mechanics, humorous dialogue, and puzzle-solving across diverse areas. Players can switch between Mario and partners, use special abilities in and out of battle, and engage in audience-driven fights that add extra strategy and personality to encounters. Widely praised for its writing, art style, and combat depth, it is considered one of the most beloved entries in the Paper Mario series."
76,Pikmin 2,Adventure,"['GameCube', 'Wii U (Virtual Console)']",2004-04-29,Nintendo EAD,Nintendo,"Pikmin 2 is a real-time strategy adventure game developed by Nintendo EAD for the GameCube. A direct sequel to Pikmin, it follows Captain Olimar and his coworker Louie as they return to planet PNF-404 to collect treasure and repay a debt owed by Hocotate Freight. Players command different types of Pikmin, each with unique abilities, to solve puzzles, battle enemies, and gather valuables across varied subterranean caves and surface areas. The game expands on the original with new Pikmin types, a partner character for cooperative-style unit management, and the removal of the day limit, allowing more exploration and strategic planning. It is widely praised for its depth, challenge, and inventive level design."
77,The Legend of Zelda: The Wind Waker HD,Adventure,['Wii U'],2013-09-20,Nintendo EAD,Nintendo,"The Legend of Zelda: The Wind Waker HD is an enhanced remaster of the 2002 GameCube classic The Wind Waker. Set in a vast ocean world, players control Link as he sails between islands, explores dungeons, solves puzzles, and battles enemies to rescue his sister and confront the evil Ganon. This HD version features improved visuals, updated lighting and textures, faster sailing with the Swift Sail, refined gameplay adjustments, and GamePad support for inventory and map management. It preserves the original cel-shaded art style while modernizing the presentation and streamlining several tedious elements from the original release. The game is widely regarded as one of the most polished and beloved entries in the Zelda series."
78,Phoenix Wright: Ace Attorney - Trials and Tribulations,Adventure,"['Game Boy Advance', 'Nintendo DS', 'iOS', 'Android', 'PC', 'Nintendo Switch', 'PlayStation 4', 'Xbox One']",2004-01-23,Capcom,Capcom,"Phoenix Wright: Ace Attorney - Trials and Tribulations is a visual novel adventure game and the third main entry in the Ace Attorney series. Players follow defense attorney Phoenix Wright as he tackles a series of challenging courtroom cases, uncovering contradictions in witness testimonies and gathering evidence to expose the truth. The game introduces memorable new characters, including prosecutor Godot, and expands on the series’ blend of investigation, logic, and dramatic cross-examinations. It is known for its tightly written mysteries, emotional character arcs, and impactful story revelations that connect to earlier entries in the trilogy."
79,God of War III,Action,"['PlayStation 3', 'PlayStation 4']",2010-03-16,Santa Monica Studio,Sony Computer Entertainment,"God of War III is an action-adventure game and the third main entry in the God of War series. It follows Kratos as he launches a brutal assault on Mount Olympus, seeking revenge against the gods of Greek mythology after the events of God of War II. Players battle through large-scale mythological environments, solve environmental puzzles, and engage in fast-paced combat using signature weapons such as the Blades of Exile and powerful magical abilities. The game is known for its cinematic presentation, massive boss encounters, and high production values. Originally released for PlayStation 3, it later received a remastered version for PlayStation 4 as God of War III Remastered."
80,Pokemon Mystery Dungeon: Explorers of Sky,Adventure,['Nintendo DS'],2009-04-18,Chunsoft,Nintendo,"Pokémon Mystery Dungeon: Explorers of Sky is a turn-based dungeon-crawling adventure in which the player becomes a Pokémon and joins a rescue team exploring randomly generated dungeons, recruiting allies, battling wild Pokémon, and uncovering a story about time, destiny, and the fate of the world. It expands on Explorers of Time and Darkness with new story episodes, additional Pokémon, adjusted gameplay balance, and the special ability to play as select partner Pokémon in bonus chapters."
81,Half-Life 2: Episode Two,Shooter,"['PC', 'Xbox 360', 'PlayStation 3']",2007-10-10,Valve,Valve,"Half-Life 2: Episode Two is a first-person shooter and the second installment in Valve’s episodic continuation of Half-Life 2. It follows Gordon Freeman and Alyx Vance as they escape the collapsing City 17 and travel through the wilderness to the Resistance stronghold at White Forest. The game expands on Half-Life 2’s physics-driven combat and puzzle design, introducing larger outdoor environments, new vehicles, and intense encounters with both Combine forces and alien creatures. Episode Two is known for its story-driven progression, memorable set pieces, and emotional ending that left the series on a major cliffhanger."
82,Resident Evil 4,Action,"['GameCube', 'PlayStation 2', 'Windows', 'Wii', 'iOS', 'Zeebo', 'PlayStation 3', 'Xbox 360', 'PlayStation 4', 'Xbox One', 'Nintendo Switch', 'Stadia', 'PlayStation 5', 'Xbox Series X/S']",2005-01-11,Capcom Production Studio 4,Capcom,"Resident Evil 4 is a third-person survival action game in which player controls Leon S. Kennedy, a U.S. government agent sent to rescue the president’s daughter, Ashley Graham, from a mysterious cult in rural Europe. Departing from the series’ earlier fixed-camera survival horror style, the game emphasizes over-the-shoulder shooting, intense combat, resource management, and exploration. Leon faces infected villagers, grotesque bio-organic enemies, and powerful bosses while uncovering the secrets behind the Las Plagas parasite. Widely acclaimed for its pacing, controls, level design, and influence on modern action games, Resident Evil 4 is considered one of the most important and highly regarded games of all time."
83,Digimon Story Time Stranger,RPG,"['PC', 'PlayStation 5', 'Xbox Series X|S']",2025-10-03,Media.Vision,Bandai Namco Entertainment,"Digimon Story Time Stranger is a turn-based role-playing game in the Digimon Story series. Players explore a story centered on time travel and the relationship between the human world and the Digital World, building a team of Digimon to battle in strategic, command-based combat. The game emphasizes collecting, evolving, and training Digimon while uncovering a new narrative adventure with modern presentation and upgraded visuals."
84,Astro Bot,Adventure,['PlayStation 5'],2024-09-06,Team Asobi,Sony Interactive Entertainment,"Astro Bot is a 3D platforming adventure starring Astro, the PlayStation mascot robot, as he explores vibrant worlds to rescue his stranded crew after a galactic mishap. Players use the DualSense controller’s haptic feedback and adaptive triggers to interact with imaginative environments, solve light puzzles, and face inventive platforming challenges. The game features a strong focus on playful mechanics, fast-paced traversal, and references to PlayStation history through cameo bots and themed worlds. Widely praised for its creativity, polished controls, and charming presentation, Astro Bot serves as a showcase for the PlayStation 5’s capabilities."
85,Half-Life,Shooter,"['PC', 'PlayStation 2', 'Linux', 'OS X']",1998-11-19,Valve,Sierra Studios,"Half-Life is a first-person shooter developed by Valve and released in 1998. Set in the secret research facility Black Mesa, the game follows theoretical physicist Gordon Freeman after a catastrophic experiment triggers an alien invasion and a military cleanup operation. Known for its immersive, story-driven presentation, Half-Life avoids cutscenes in favor of seamless in-engine events and scripted sequences, helping establish a new standard for narrative in shooters. Its tight gunplay, atmospheric world design, and intelligent enemy behavior made it one of the most influential games of its era and a cornerstone of modern first-person shooters."
86,CTR: Crash Team Racing,Sports,['PlayStation'],1999-09-30,Naughty Dog,Sony Computer Entertainment,"CTR: Crash Team Racing is a kart racing game featuring characters from the Crash Bandicoot universe. Players race through themed tracks, use power-ups and weapons, and compete in single races, time trials, and grand prix-style events. The game is known for its tight handling, challenging drift mechanics, and a battle mode that supports competitive multiplayer."
87,Final Fantasy VII,RPG,"['PlayStation', 'PC', 'PlayStation 4', 'PlayStation 5', 'Nintendo Switch', 'Xbox One', 'Xbox Series X/S', 'iOS', 'Android']",1997-01-31,Square,Square,"Final Fantasy VII is a landmark Japanese role-playing game following Cloud Strife, a mercenary who joins the eco-terrorist group AVALANCHE to fight the Shinra Corporation, which is draining the planet’s life energy. As the story unfolds, Cloud and his allies uncover deeper mysteries surrounding Sephiroth, a legendary SOLDIER turned antagonist, and confront threats that endanger both the planet and themselves. The game is celebrated for its cinematic storytelling, memorable characters, strategic turn-based combat using the Active Time Battle system, and the Materia customization system that lets players tailor abilities and magic. Originally released for the original PlayStation, it became one of the most influential and commercially successful RPGs of all time."
88,Final Fantasy IX,RPG,"['PlayStation', 'PC', 'Mobile', 'Nintendo Switch', 'PlayStation 4', 'Xbox One']",2000-07-07,Square,Square,"Final Fantasy IX is a classic fantasy role-playing game set in the world of Gaia, where conflict erupts amid the struggle between kingdoms, a mysterious mist-covered planet, and an ancient threat to existence. The story follows Zidane Tribal, a cheerful thief from the Tantalus Theater Troupe, as he becomes entangled in a kidnapping plot involving Princess Garnet of Alexandria and is drawn into a larger journey with a diverse cast of allies.

Known for returning to the series’ medieval fantasy roots after the more futuristic entries, Final Fantasy IX features active time battle combat, exploration across towns, dungeons, and an expansive world map, and a party-driven narrative emphasizing identity, memory, and mortality. It is widely praised for its charming characters, memorable music, and emotional storytelling."
89,Max Payne,Shooter,"['PC', 'PlayStation 2', 'Xbox', 'Game Boy Advance', 'iOS']",2001-07-23,Remedy Entertainment,Gathering of Developers,"Max Payne is a third-person shooter developed by Remedy Entertainment and originally released in 2001. The game follows Max Payne, a former NYPD detective framed for murder after his family is killed by drug addicts on the experimental drug Valkyr. As he hunts through the criminal underworld of New York City for the truth, Max becomes a one-man force of vengeance. The game is best known for its noir-inspired story, graphic novel-style cutscenes, and its signature bullet time mechanic, which lets players slow down time during gunfights for cinematic, tactical combat. Its gritty atmosphere, dramatic writing, and action-focused gameplay made it a landmark title in the genre and a major critical and commercial success."
90,Might and Magic VII: For Blood and Honor,RPG,['PC'],1999-03-31,New World Computing,3DO,"Might and Magic VII: For Blood and Honor is a first-person party-based role-playing game set in the fantasy world of Enroth. Players control a custom party of four heroes, choosing among classes and races, and explore a large open world filled with quests, dungeons, towns, factions, and turn-based combat. The story centers on a conflict between the kingdoms of Harmondale and Erathia, with the player’s party drawn into political intrigue, war, and ancient magic. The game features extensive character progression, spellcasting, skill development, and non-linear exploration. It is known for its deep systems, large environments, and classic dungeon-crawling gameplay, and is the seventh main entry in the long-running Might and Magic series."
91,StarCraft,RTS,['PC'],1998-03-31,Blizzard Entertainment,Blizzard Entertainment,"StarCraft is a landmark real-time strategy game set in a far-future science fiction universe. Players command one of three distinct factions—the Terrans, Zerg, or Protoss—each with unique units, structures, and strategic strengths. The game is known for its tight balance, fast-paced multiplayer, and highly competitive gameplay, which helped define modern esports. Its single-player campaign follows a conflict across the Koprulu sector as the factions struggle for survival, domination, and identity amid political intrigue and interstellar war."
92,Silent Hill,Survival,['PlayStation'],1999-01-31,Team Silent,Konami,"Silent Hill is a survival horror game that follows Harry Mason, an ordinary man searching for his missing adopted daughter, Cheryl, after a car crash strands him in the eerie fog-covered town of Silent Hill. As Harry explores deserted streets, dark buildings, and nightmarish otherworldly locations, he uncovers disturbing secrets involving occult rituals, cult activity, and the town’s supernatural power.

The game is known for its oppressive atmosphere, psychological horror, heavy fog, and unsettling sound design by Akira Yamaoka, all of which became defining features of the series. Unlike action-focused horror games, Silent Hill emphasizes exploration, puzzle-solving, limited resources, and vulnerability. Its shifting environments and symbolic monsters reflect psychological themes and trauma, helping establish it as one of the most influential horror games ever made."
93,Heroes of Might and Magic II: The Price of Loyalty,RPG,['PC'],1997-01-01,New World Computing,The 3DO Company,"The Price of Loyalty is an expansion for Heroes of Might and Magic II that adds a new campaign, additional scenarios, new creatures, artifacts, and map objects to the original turn-based strategy and fantasy role-playing game. It expands the world of Enroth with four connected campaigns—The Price of Loyalty, Descendants, Voyage Home, and Wizard's Isle—offering more maps, story content, and tactical variety. Players recruit heroes, build castles, manage resources, and command armies in grid-based battles, with the expansion introducing fresh gameplay twists and higher challenge for returning players."
94,Metal Gear Solid 2: Sons of Liberty,Action,['PlayStation 2'],2001-11-13,Konami Computer Entertainment Japan,Konami,"Metal Gear Solid 2: Sons of Liberty is a stealth-action game directed by Hideo Kojima. Set across two main chapters, it follows newly introduced operative Raiden and series protagonist Solid Snake as they uncover a conspiracy involving the Arsenal Gear weapons platform and the artificial intelligence systems controlling global information and political power. The game is known for its cinematic presentation, complex story, advanced stealth mechanics, and dynamic enemy AI. It introduced features such as first-person aiming, context-sensitive actions, and improved environmental interaction, while expanding on the series’ themes of surveillance, identity, and manipulation. Widely praised for its gameplay depth and technical ambition, it is regarded as one of the most influential titles on the PlayStation 2."
95,Jagged Alliance 2,RPG,['PC'],1999-07-23,Mikroïds,Sir-Tech,"Jagged Alliance 2 is a tactical role-playing game set in the fictional country of Arulco, where players assemble and command a team of mercenaries to overthrow a ruthless dictator. The game combines turn-based, squad-level combat with strategic management, hiring and firing mercenaries, controlling territories, training militias, and managing limited funds and supplies. It is known for its deep tactical gameplay, memorable mercenary personalities, flexible combat options, and strong player freedom in how missions are approached. The game has been praised as one of the best strategy and tactics titles of its era."
96,Final Fantasy X,RPG,"['PlayStation 2', 'PlayStation 3', 'PlayStation 4', 'PlayStation Vita', 'Nintendo Switch', 'Xbox One', 'PC']",2001-07-19,Square,Square,"Final Fantasy X is a Japanese role-playing game set in the world of Spira, where a young blitzball star named Tidus joins summoner Yuna on a pilgrimage to defeat the destructive entity known as Sin. The game features a turn-based battle system with a visible turn order, a deep character progression grid called the Sphere Grid, and fully voiced story scenes, which were a major milestone for the series. It is known for its emotional narrative, memorable characters, and distinctive tropical-fantasy setting. Originally released for PlayStation 2, it later received an HD remaster for modern platforms."
97,Populous: The Beginning,RTS,"['PC', 'PlayStation']",1998-09-30,Bullfrog Productions,Electronic Arts,"Populous: The Beginning is a real-time strategy game in the Populous series where the player takes the role of a shaman leading a tribe and competing against rival tribes across a series of 3D planets. Unlike earlier god-game entries in the series, it blends strategic base-building, unit control, and powerful magical abilities. Players can terraform terrain, summon spells, and direct followers in battles to expand their influence and defeat enemies. The game is known for its innovative 3D world, distinctive tribal theme, and emphasis on the shaman as a central combat and support unit."
98,Final Fantasy VII,RPG,"['PlayStation', 'PC', 'Nintendo Switch', 'PlayStation 4', 'Xbox One', 'iOS', 'Android']",1997-01-31,Square,Square,"Final Fantasy VII is a landmark Japanese role-playing game set in the dystopian world of Gaia, where the megacorporation Shinra drains the planet’s life energy for power. Players follow Cloud Strife, a former SOLDIER mercenary who joins the resistance group AVALANCHE and becomes entangled in a conflict that spans personal identity, environmental themes, and world-threatening stakes. The game is known for its turn-based combat, materia magic system, memorable cast, cinematic storytelling, and iconic moments such as the tragedy surrounding Aerith. Originally released for the original PlayStation, Final Fantasy VII became one of the most influential and best-selling RPGs of all time, helping bring Japanese RPGs to a global audience. It has since been widely re-released on modern platforms and remains a defining title in gaming history."
99,Command & Conquer,RTS,"['PC', 'PlayStation', 'Sega Saturn']",1995-08-31,Westwood Studios,Westwood Studios,"Command & Conquer is a real-time strategy game that helped define and popularize the modern RTS genre. Set during a fictional conflict between the Global Defense Initiative (GDI) and the Brotherhood of Nod, players gather resources, build bases, produce armies, and command units in fast-paced battles across a global war. The game is known for its distinctive live-action cutscenes, asymmetric factions, strong multiplayer support, and accessible yet tactical gameplay. It introduced many players to base-building strategy and became one of the most influential PC games of the 1990s."
100,Age of Mythology: The Titans,RTS,['PC'],2003-09-30,Ensemble Studios,Microsoft Game Studios,"Age of Mythology: The Titans is the official expansion pack for the real-time strategy game Age of Mythology. It adds the Atlantean civilization, introducing new hero-focused gameplay, unique myth units, and powerful Titan mechanics. The expansion also includes a new campaign centered on Arkantos’ son, Kastor, as he navigates conflicts involving the Atlanteans and the rise of a greater threat. Players continue to gather resources, build bases, worship gods, and command armies drawn from mythology, while the new faction and units expand strategic depth and replayability. The Titans also adds new maps, balance changes, and multiplayer options, making it a major enhancement to the original game."
101,Warcraft II: Battle.net Edition,RTS,['PC'],1999-11-30,Blizzard Entertainment,Blizzard Entertainment,"Warcraft II: Battle.net Edition is a real-time strategy game and enhanced re-release of Warcraft II: Tides of Darkness and its expansion, Beyond the Dark Portal. It includes support for Blizzard’s Battle.net online service, letting players compete in multiplayer matches over the internet. Set in the fantasy world of Azeroth, the game centers on the ongoing war between the human Alliance and the orcish Horde, with both sides also clashing against demonic and undead threats. Players gather resources, build bases, train armies, and use naval and air units in large-scale tactical battles. The Battle.net Edition also packaged the original game and expansion together, along with various compatibility and multiplayer improvements for Windows PC players."
102,Fire Emblem,RPG,"['Game Boy Advance', 'Wii U', 'Nintendo Switch', 'Nintendo 3DS']",2003-04-25,Intelligent Systems,Nintendo,"Fire Emblem, officially titled Fire Emblem: The Blazing Blade in the West, is a tactical role-playing game for the Game Boy Advance. It follows Lyn, Eliwood, and Hector as they become embroiled in political conflict, war, and a sinister plot involving dark magic and an ancient threat. The game features grid-based battles, permanent unit death in classic mode, class promotions, and a strong emphasis on story and character relationships. It was the first Fire Emblem title released outside Japan and introduced many players worldwide to the series’ strategic combat and permadeath mechanics."
103,Super Smash Bros. Melee,Action,['GameCube'],2001-11-21,HAL Laboratory,Nintendo,"Super Smash Bros. Melee is a crossover fighting game featuring characters from Nintendo franchises and beyond, including Mario, Link, Pikachu, and many more. Players battle on themed stages using attacks, special moves, items, and platforming movement to knock opponents out of the arena. Melee is known for its fast pace, precise controls, large roster, and deep competitive mechanics, which helped make it one of the most celebrated entries in the series. It also includes a variety of single-player modes, multiplayer battles, unlockable content, and a unique trophy collection system."
104,Final Fantasy IX,RPG,"['PlayStation', 'PC', 'Nintendo Switch', 'PlayStation 4', 'Xbox One', 'iOS', 'Android']",2000-07-07,Square,Square,"Final Fantasy IX is a classic Japanese role-playing game set in the fantasy world of Gaia. The story follows Zidane Tribal, a cheerful thief, and a diverse cast of companions as they become caught up in a conflict involving rival kingdoms, a powerful sorceress, and the fate of their world. Returning to a more traditional medieval-fantasy style after the futuristic settings of some earlier series entries, the game features turn-based battles, character-specific abilities, and a memorable Active Time Battle system. It is widely praised for its heartfelt story, charming art style, strong character development, and orchestral score. The original PlayStation version launched in 2000, and later remastered releases brought updated visuals and quality-of-life improvements to modern platforms."
105,Metal Gear Solid Integral,Action,['PlayStation'],1999-06-24,Kojima Productions,Konami,"Metal Gear Solid Integral is an expanded version of Metal Gear Solid featuring the original stealth-action campaign with additional content and refinements. It includes extra VR Missions, a first-person view mode, alternative difficulty options, and numerous gameplay adjustments that make it the most complete PlayStation release of the game. Integral also adds a special “Snake’s Tales” set of side missions in some regional versions, offering new objectives and scenarios built around familiar locations and mechanics. The game follows Solid Snake as he infiltrates a remote nuclear weapons facility to stop the terrorist group FOXHOUND and prevent a nuclear threat. Known for its cinematic storytelling, voice acting, and stealth-focused gameplay, Integral is especially notable for its enhanced replay value and bonus content compared with the original release."
106,Might and Magic VII: For Blood and Honor,RPG,['PC'],1999-03-22,New World Computing,3DO,"Might and Magic VII: For Blood and Honor is a first-person party-based role-playing game set in the fantasy world of Enroth. The player leads a group of adventurers through a large open-world campaign filled with towns, dungeons, quests, and faction choices that can affect the story. The game blends exploration, turn-based tactical combat, character development, and extensive class and skill progression. It features both a single-player campaign and a strong emphasis on party customization, allowing players to recruit and train characters across a variety of roles such as warriors, spellcasters, and hybrid classes. As the seventh main entry in the Might and Magic series, it is known for its expansive scope, strategic depth, and replayability."
107,StarCraft,RTS,"['PC', 'Mac']",1998-03-31,Blizzard Entertainment,Blizzard Entertainment,"StarCraft is a real-time strategy game set in a science-fiction universe where three distinct factions—the technologically advanced Terrans, the psionic Protoss, and the insectoid Zerg—battle for control of the galaxy. Known for its tightly balanced asymmetric design, cinematic campaign, and highly competitive multiplayer, the game became a landmark title in esports and strategy gaming. Players gather resources, construct bases, research upgrades, and command armies across a series of story-driven missions that unfold through the original StarCraft campaign and its acclaimed expansion, Brood War."
108,The Legend of Zelda: Ocarina of Time / Master Quest,Adventure,['GameCube'],2003-02-17,Nintendo EAD,Nintendo,"The Legend of Zelda: Ocarina of Time / Master Quest is a GameCube compilation that includes the classic action-adventure game Ocarina of Time along with Master Quest, a rearranged version of the same game featuring altered dungeon layouts and tougher puzzles. Players follow Link on a quest across Hyrule, traveling through time to stop Ganondorf and save Princess Zelda. The package was released primarily as a bonus disc included with The Wind Waker pre-orders in North America and as part of limited-edition bundles in other regions. It preserves the core story and gameplay of the original Nintendo 64 title while offering a more challenging twist for returning players."
109,Resident Evil (Remake),Survival,"['GameCube', 'PC', 'PlayStation 3', 'PlayStation 4', 'Xbox 360', 'Xbox One', 'Nintendo Switch', 'PlayStation 5', 'Xbox Series X/S']",2002-03-22,Capcom Production Studio 4,Capcom,"Resident Evil (Remake) is a survival horror game and a ground-up remake of the original 1996 Resident Evil. Set in the eerie Spencer Mansion, the game follows S.T.A.R.S. members Chris Redfield and Jill Valentine as they investigate a series of bizarre murders, only to uncover a deadly conspiracy involving bio-engineered monsters and the Umbrella Corporation. The remake significantly enhances the original with updated visuals, refined controls, expanded environments, new puzzles, additional enemies, and deeper story details, while preserving the tense exploration, limited resources, and puzzle-solving that defined the series. Widely praised for its atmosphere, presentation, and faithful yet improved design, it is considered one of the best remakes in video game history."
110,Metal Gear Solid 2: Sons of Liberty,Action,"['PlayStation 2', 'Xbox', 'PlayStation 3', 'Xbox 360', 'PlayStation Vita', 'PC']",2001-11-13,Konami Computer Entertainment Japan,Konami,"Metal Gear Solid 2: Sons of Liberty is a stealth-action game directed by Hideo Kojima. Set in a tense near-future political thriller, the game follows a covert military operation aboard the tanker Discovery and later the vast offshore Big Shell facility. Players use stealth, gadgets, and tactical planning to avoid detection, disable enemies, and uncover a conspiracy involving information control, artificial intelligence, and global manipulation. The game is known for its cinematic presentation, refined stealth mechanics, environmental detail, and controversial narrative structure that shifts the playable protagonist from Solid Snake to Raiden. It became highly influential for its themes, storytelling, and gameplay innovations in the action genre."
111,Freelancer,Action,['PC'],2003-03-04,Digital Anvil,Microsoft Game Studios,"Freelancer is a space trading and combat action game set in a persistent sci-fi universe. Players take on the role of a freelance pilot navigating an open-ended career of exploration, trading, bounty hunting, and dogfighting across multiple star systems. The game features a campaign-driven story alongside sandbox gameplay, letting players upgrade ships, manage faction relationships, and move between diverse regions with different economies and dangers. Known for its accessible controls, cinematic presentation, and vibrant mod community, Freelancer blends space sim elements with fast-paced action."
112,Half-Life,Shooter,"['PC', 'PlayStation 2', 'OS X', 'Linux']",1998-11-19,Valve,Sierra Studios,"Half-Life is a first-person shooter in which players control Gordon Freeman, a scientist trapped in the Black Mesa Research Facility after a catastrophic experiment opens a dimensional rift. Blending action, exploration, puzzle-solving, and scripted storytelling, the game is known for its immersive, uninterrupted narrative and realistic atmosphere. Players fight hostile aliens, soldiers, and other threats using a varied arsenal while uncovering the facility’s collapse and trying to escape the disaster."
113,Final Fantasy X,RPG,"['PlayStation 2', 'PlayStation 3', 'PlayStation 4', 'PlayStation Vita', 'PC', 'Nintendo Switch', 'Xbox One', 'Xbox Series X/S']",2001-07-19,Square,Square,"Final Fantasy X is a role-playing game set in the fantasy world of Spira, where the young summoner Yuna travels with her guardians, including the outsider Tidus, on a pilgrimage to defeat the monstrous force known as Sin. The game is known for its emotional story, fully voiced dialogue, and turn-based battle system that replaced the series’ traditional Active Time Battle mechanics with the Conditional Turn-Based Battle system. It also introduced the Sphere Grid character progression system, allowing flexible customization of abilities and stats. Final Fantasy X was a major technical showcase for the PlayStation 2 and became one of the best-selling and most acclaimed entries in the Final Fantasy series."
114,Max Payne,Shooter,"['PC', 'PlayStation 2', 'Xbox', 'Game Boy Advance', 'iOS', 'Android']",2001-07-23,Remedy Entertainment,Gathering of Developers,"Max Payne is a third-person action shooter developed by Remedy Entertainment. The game follows former NYPD detective Max Payne, who becomes a fugitive after his family is murdered and he is framed for the crime. Driven by revenge, Max battles through a gritty, noir-inspired underworld of drug dealers, mobsters, and corrupt conspirators in New York City. The game is best known for its cinematic storytelling, graphic novel-style cutscenes, and its signature Bullet Time mechanic, which lets players slow down time during firefights for dramatic dodging and aiming. Its atmospheric visuals, hardboiled narration, and intense gunplay made it a landmark title in the action genre and helped define modern third-person shooters."
115,Ace Combat 5: The Unsung War,Shooter,['PlayStation 2'],2004-10-21,Namco,Namco,"Ace Combat 5: The Unsung War is an arcade-style combat flight shooter set in the fictional Strangereal universe. Players take command of the Wardog Squadron as they battle enemy aircraft, ground targets, and large-scale military threats across a globe-spanning conflict. The story follows a squadron of fighter pilots drawn into a mysterious war, blending intense aerial dogfights with cinematic mission structure and squad commands. Known for its polished controls, varied mission design, and dramatic presentation, the game expands on the series’ trademark mix of accessible flight action and military drama."
116,Yoshi's Island: Super Mario Advance 3,Adventure,['Game Boy Advance'],2002-09-20,Nintendo,Nintendo,"Yoshi's Island: Super Mario Advance 3 is a Game Boy Advance remake of Super Mario World 2: Yoshi's Island, originally released for the Super Nintendo Entertainment System. Players control Yoshi and a group of other Yoshis as they escort Baby Mario across a colorful series of platforming stages. Yoshi can flutter jump, throw eggs, swallow enemies, and transform through various stage-specific gimmicks to solve puzzles and defeat bosses. The remake adds enhanced colors, updated sound, and extra features such as a version of the classic Mario Bros. arcade game. It preserves the original’s distinctive hand-drawn art style, inventive level design, and collectathon elements, making it one of the most celebrated platformers on the system."
117,Star Wars: Knights of the Old Republic,RPG,"['PC', 'Xbox', 'Nintendo Switch', 'iOS', 'Android']",2003-07-15,BioWare,LucasArts,"Star Wars: Knights of the Old Republic is a critically acclaimed role-playing game set thousands of years before the films in the Star Wars universe. Players create and customize a Jedi-in-training who can choose between the light and dark sides of the Force while exploring diverse planets, forming a party of companions, and making story-driven decisions that affect the galaxy. The game features turn-based combat with real-time elements, a memorable narrative twist, and deep character progression. Originally released for Xbox and PC, it has since been brought to modern platforms, helping establish it as one of the most influential RPGs of its era."
118,The Curse of Monkey Island,Adventure,"['PC', 'Mac']",1997-11-11,LucasArts,LucasArts,"The Curse of Monkey Island is a classic point-and-click adventure game and the third entry in the Monkey Island series. Players follow the continuing misadventures of pirate Guybrush Threepwood, who accidentally causes a curse by giving his beloved Elaine a cursed engagement ring. The game is known for its hand-drawn cartoon art style, voice acting, witty dialogue, and puzzle-driven gameplay. Set across colorful Caribbean islands, it blends humor, exploration, and item-based puzzle solving as Guybrush tries to break the curse, outwit the undead pirate LeChuck, and win back Elaine’s love. It is widely regarded as one of LucasArts’ most polished adventures."
119,The Neverhood,Adventure,"['PC', 'PlayStation']",1996-10-31,"The Neverhood, Inc.",DreamWorks Interactive,"The Neverhood is a point-and-click adventure game built entirely from stop-motion clay animation. Players control Klaymen, an amnesiac clay figure exploring a surreal, handcrafted world called the Neverhood to uncover its secrets. The game is known for its quirky humor, imaginative environments, memorable music, and puzzle-driven gameplay. It became a cult classic for its distinctive art style and offbeat atmosphere."
120,Gothic II,RPG,['PC'],2002-11-29,Piranha Bytes,JoWooD Productions,"Gothic II is a third-person action RPG set in a harsh medieval fantasy world. Players return to the island kingdom of Khorinis after the events of the original Gothic and take on the role of the Nameless Hero, who must rebuild his strength, gather allies, and uncover a new threat tied to an ancient evil. The game is known for its challenging combat, open-ended quest design, and immersive world where NPCs follow daily routines and player choices affect progression. Its expansion, Night of the Raven, adds a new region, factions, and additional story content."
121,Astro's Playroom,Adventure,['PlayStation 5'],2020-11-12,Team Asobi,Sony Interactive Entertainment,"Astro's Playroom is a 3D platformer included with every PlayStation 5 console, designed as both a fun adventure and a showcase for the console's features. Players control Astro, a small robot exploring vibrant themed worlds inspired by different parts of the PS5 hardware and PlayStation history. The game makes extensive use of the DualSense controller, including adaptive triggers, haptic feedback, and the built-in microphone, turning movement and interactions into a tactile experience. Along the way, players collect artifacts and puzzle pieces that celebrate decades of PlayStation consoles, accessories, and iconic characters. It combines accessible platforming, playful presentation, and technical demonstration into a charming tribute to Sony's gaming legacy."
122,Ghost of Tsushima: Legends,Action,"['PlayStation 4', 'PlayStation 5', 'PC']",2020-10-16,Sucker Punch Productions,Sony Interactive Entertainment,"Ghost of Tsushima: Legends is the multiplayer expansion and standalone co-op mode for Ghost of Tsushima. Set in a supernatural version of feudal Japan inspired by Japanese folklore, it lets up to four players team up in story missions and survival challenges, or two players in a raid. Players choose from distinct classes such as Samurai, Hunter, Ronin, and Assassin, each with unique abilities and gear progression. The mode emphasizes cooperative combat, teamwork, and character builds rather than the open-world single-player campaign. Originally released as a free update, Legends later became available as a separate standalone version, offering a focused cooperative action experience with loot, class advancement, and endgame challenges."
123,Final Fantasy XIV: Endwalker,RPG,"['PC', 'PlayStation 4', 'PlayStation 5']",2021-12-07,Square Enix Creative Business Unit III,Square Enix,"Final Fantasy XIV: Endwalker is the fourth major expansion for the MMORPG Final Fantasy XIV. It concludes the long-running Hydaelyn and Zodiark storyline, sending players to the moon and beyond as the Warrior of Light confronts new threats tied to the fate of the star. The expansion adds new main scenario quests, two new jobs—Sage and Reaper—new dungeons, trials, raids, and extensive gameplay updates. Endwalker also introduces new areas, adjustments to battle systems, and quality-of-life improvements, continuing the game’s blend of story-driven progression, cooperative PvE, and large-scale online world content."
124,Ori and the Will of the Wisps,Adventure,"['PC', 'Xbox One', 'Nintendo Switch']",2020-03-11,Moon Studios,Xbox Game Studios,"Ori and the Will of the Wisps is a hand-painted action-adventure platformer and the sequel to Ori and the Blind Forest. Players guide Ori through a vast, interconnected world filled with atmospheric environments, challenging traversal, and combat against corrupted creatures. The game expands on the original with refined movement, a deeper combat system, side quests, and a world map that supports exploration and discovery. It is known for its emotional storytelling, orchestral soundtrack, and striking visual presentation. The game follows Ori’s journey to uncover the fate of a lost owl named Ku and restore balance to the land of Niwen."
125,Resident Evil 2,Survival,"['PlayStation', 'Nintendo 64', 'Windows', 'Dreamcast', 'GameCube', 'PlayStation 4', 'Xbox One', 'Stadia', 'PlayStation 5', 'Xbox Series X/S', 'Windows']",1998-01-21,Capcom,Capcom,"Resident Evil 2 is a survival horror game set in the zombie-infested Raccoon City, following rookie police officer Leon S. Kennedy and college student Claire Redfield as they search for answers and try to escape the outbreak. Players explore interconnected locations, solve puzzles, manage limited resources, and fight deadly creatures while uncovering the conspiracy behind the viral disaster. The game is known for its atmospheric tension, dual-scenario structure, and influential design that helped define the survival horror genre. The 2019 remake reimagined the original with modern visuals, over-the-shoulder shooting, and updated mechanics while retaining the core story and tension."
126,Factorio,RTS,"['PC', 'Nintendo Switch']",2020-08-14,Wube Software,Wube Software,"Factorio is a factory-building and automation game where players mine resources, research technologies, construct production lines, and defend an ever-expanding industrial base from hostile alien creatures. Starting with simple hand-crafted machines, you gradually design intricate networks of belts, inserters, assemblers, trains, power systems, and logistics robots to optimize production and launch a rocket. The game emphasizes efficiency, scaling, and creative problem-solving, with both single-player and cooperative multiplayer support."
127,Super Mario Odyssey,Adventure,['Nintendo Switch'],2017-10-27,Nintendo EPD,Nintendo,"Super Mario Odyssey is a 3D platforming adventure in which Mario teams up with Cappy, a sentient hat, to rescue Princess Peach from Bowser’s wedding plans. Players travel across a series of large, open-ended kingdoms, collecting Power Moons to power the Odyssey airship. A core mechanic is Cappy’s capture ability, which lets Mario take control of enemies and objects, creating varied movement, puzzle-solving, and exploration opportunities. The game emphasizes freedom, discovery, and creative platforming, with worlds inspired by real places and classic Mario settings."
128,Astro Bot Rescue Mission,Adventure,"['PlayStation VR', 'PlayStation 4']",2018-10-02,Japan Studio,Sony Interactive Entertainment,"Astro Bot Rescue Mission is a virtual reality platformer in which players guide Captain Astro through vibrant levels to rescue his lost crew. Designed specifically for PlayStation VR, the game uses inventive VR mechanics that have players look around environments, lean to discover secrets, and interact with the world in ways not possible in traditional platformers. It is widely praised for its creativity, clever level design, charm, and immersive use of VR."
129,Fire Emblem: Three Houses,RPG,['Nintendo Switch'],2019-07-26,Intelligent Systems,Nintendo,"Fire Emblem: Three Houses is a tactical role-playing game set in the continent of Fódlan, where the Officer's Academy at Garreg Mach Monastery trains future leaders and knights from three rival nations. Players assume the role of Byleth, a mercenary-turned-professor who chooses one of three houses—Black Eagles, Blue Lions, or Golden Deer—to mentor, shaping the story, relationships, and battlefield alliances that unfold over the course of the game. It combines turn-based grid combat with social simulation elements, including instruction, exploration, support conversations, and monastery management. The game is known for its branching narrative paths, deep character development, class customization, and strategic combat."
130,Outer Wilds,Adventure,"['PC', 'PlayStation 4', 'Xbox One', 'Nintendo Switch', 'PlayStation 5', 'Xbox Series X/S']",2019-05-28,Mobius Digital,Annapurna Interactive,"Outer Wilds is a first-person mystery adventure game set in a compact open solar system trapped in a 22-minute time loop. As an astronaut exploring ancient alien ruins and strange celestial phenomena, the player uncovers the history of the long-vanished Nomai civilization while learning how to navigate planets that change in real time. The game emphasizes curiosity, environmental storytelling, and freeform discovery rather than combat or traditional progression. Each loop reveals new information that helps solve the central mystery and reach the heart of the solar system's secrets."
131,The Witcher 3: Wild Hunt - Complete Edition,RPG,"['PC', 'PlayStation 4', 'PlayStation 5', 'Xbox One', 'Xbox Series X|S', 'Nintendo Switch']",2016-08-30,CD Projekt Red,CD Projekt,"The Witcher 3: Wild Hunt - Complete Edition is the definitive version of the award-winning open-world RPG, bundling the base game with both major expansions, Hearts of Stone and Blood and Wine, plus all additional DLC. Players take on the role of Geralt of Rivia, a monster hunter navigating a war-torn, morally complex fantasy world while searching for his adopted daughter, Ciri. The game features vast open-world exploration, branching quests, meaningful player choices, tactical sword-and-magic combat, and monster hunting contracts. The Complete Edition includes quality-of-life updates and, on newer platforms, enhanced visuals and performance improvements, delivering the full Witcher 3 experience in one package."
132,Hollow Knight: Silksong,Adventure,"['PC', 'Nintendo Switch', 'PlayStation 4', 'PlayStation 5', 'Xbox One', 'Xbox Series X/S']",2025-09-04,Team Cherry,Team Cherry,"Hollow Knight: Silksong is a 2D action-adventure Metroidvania developed by Team Cherry and the sequel to Hollow Knight. Players control Hornet, the agile princess-protector, as she explores the new kingdom of Pharloom, a mysterious land filled with dangerous enemies, elaborate platforming challenges, hidden secrets, and interconnected regions. The game emphasizes mobility, fast-paced combat, acrobatic traversal, crafting, and exploration, with Hornet using a distinct fighting style compared with the original Knight. It features a large cast of characters, quests, and a handcrafted world with atmospheric presentation, demanding boss battles, and deep progression systems. Silksong has been announced for multiple platforms and has been highly anticipated for its expansive scope and refined gameplay direction."
133,Cyberpunk 2077: Phantom Liberty,RPG,"['PC', 'PlayStation 5', 'Xbox Series X/S']",2023-09-26,CD Projekt Red,CD Projekt,"Cyberpunk 2077: Phantom Liberty is a story-driven expansion for Cyberpunk 2077 set in the dangerous district of Dogtown, a lawless enclave in Night City. Players take on the role of V as they become entangled in a high-stakes espionage thriller involving the New United States, secret agents, political intrigue, and a desperate fight for survival. The expansion introduces a new district to explore, fresh missions, vehicles, weapons, and gameplay systems, alongside a branching narrative with multiple possible outcomes. It also adds a new Relic skill tree and features Idris Elba as Solomon Reed, one of the central characters. Released alongside a major update to the base game, Phantom Liberty is widely regarded as an improvement to Cyberpunk 2077’s core experience, emphasizing espionage, decision-making, and tension-filled combat in a richly detailed cyberpunk setting."
134,Pikmin 4,Adventure,['Nintendo Switch'],2023-07-21,Nintendo EPD,Nintendo,"Pikmin 4 is a real-time strategy adventure game in which players explore alien environments, command squads of plant-like Pikmin, and rescue stranded explorers. As the newest entry in Nintendo’s Pikmin series, it adds a more accessible campaign structure, a player-created rescue recruit known as Oatchi’s companion support, and several new mechanics including the ice Pikmin and the Glow Pikmin. Players solve environmental puzzles, collect treasure, battle creatures, and manage day cycles while guiding different Pikmin types with unique abilities."
135,drowning (Rapture),Adventure,['PC'],2015-02-13,Artifex Mundi,Artifex Mundi,"drowning (Rapture) is a hidden-object adventure game in which players investigate a mysterious case involving a young girl and a series of unsettling events tied to a dark, dreamlike world. Set across eerie locations with puzzle-solving and exploration, the game blends narrative-driven adventure gameplay with hidden-object scenes and logic challenges. Players uncover clues, interact with characters, and piece together the truth behind the supernatural occurrences as the story unfolds."
136,Calculator,Adventure,['PC'],1981-01-01,Microsoft,Microsoft,"Calculator is a basic calculator application included with early versions of Microsoft Windows and later Windows operating systems. It allows users to perform standard arithmetic operations such as addition, subtraction, multiplication, and division, along with more advanced functions in later versions. Rather than being a traditional video game, it is a utility program, but it is sometimes listed in game databases due to its software cataloging or placeholder entries. Over time, Calculator evolved from a simple desktop accessory into a more feature-rich tool with scientific, programmer, and graphing modes in modern Windows releases."
137,Outer Wilds: Echoes of the Eye,Adventure,"['PC', 'PlayStation 4', 'Xbox One']",2021-09-28,Mobius Digital,Annapurna Interactive,"Outer Wilds: Echoes of the Eye is the official expansion to Outer Wilds, a first-person exploration and mystery adventure set in a handcrafted solar system. The expansion adds a new, hidden location tied to an ancient signal and introduces a darker, more atmospheric mystery centered on discovery, stealth, and puzzle-solving. Players continue to investigate strange phenomena, uncover forgotten history, and piece together the secrets of an alien civilization while using knowledge-based progression rather than traditional leveling or combat. Echoes of the Eye expands the game’s lore and narrative with new areas, mechanics, and challenges while preserving the original’s sense of curiosity and wonder."
138,God of War Collection,Action,"['PlayStation 3', 'PlayStation Vita']",2009-11-17,Bluepoint Games,Sony Computer Entertainment,"God of War Collection is a remastered compilation of the first two God of War games, bundling God of War and God of War II in one package. The collection features upgraded high-definition visuals, smoother performance, and trophy support, bringing the original PlayStation 2 classics to the PlayStation 3 for the first time. Players follow Kratos, a Spartan warrior seeking vengeance against the gods of Olympus, through a mix of brutal combat, platforming, puzzle-solving, and cinematic boss battles. The PlayStation Vita version later added touch-screen and rear touch-pad support. The compilation is widely regarded as one of the best ways to experience the early series and helped introduce the franchise to a new audience."
139,Bloodborne,RPG,['PlayStation 4'],2015-03-24,FromSoftware,Sony Computer Entertainment,"Bloodborne is an action role-playing game set in the gothic, nightmare-filled city of Yharnam, where a mysterious blood plague has transformed much of the population into grotesque creatures. Players take on the role of a Hunter, armed with trick weapons and firearms, and must battle increasingly deadly enemies while uncovering the dark secrets behind the city, the Healing Church, and the source of the scourge. Known for its fast-paced combat, aggressive risk-reward mechanics, and richly layered world design, Bloodborne emphasizes dodging, counterattacks, and relentless pressure over defensive play. The game also features deeply interconnected level design, atmospheric storytelling, and challenging boss encounters that have made it one of the most acclaimed titles on PlayStation 4."
140,Persona 5,RPG,"['PlayStation 3', 'PlayStation 4', 'Nintendo Switch', 'PC', 'Xbox One', 'Xbox Series X/S']",2016-09-15,Atlus,Atlus,"Persona 5 is a turn-based role-playing game in which players follow a group of high school students known as the Phantom Thieves of Hearts. By day, they live ordinary student lives in modern Tokyo; by night, they explore supernatural dungeons called Palaces, stealing corrupt desires from the hearts of adults who abuse their power. The game blends dungeon crawling, social simulation, and relationship-building, with players managing daily activities, improving character stats, and forming confidants that enhance combat and story progression. Known for its stylish art direction, memorable music, and strategic combat system, Persona 5 became one of the most acclaimed Japanese RPGs of its generation."
141,The Legend of Zelda: Majora's Mask 3D,Adventure,['Nintendo 3DS'],2015-02-13,Nintendo EAD,Nintendo,"The Legend of Zelda: Majora's Mask 3D is a 3D remaster of the Nintendo 64 classic action-adventure game. Set in the mysterious land of Termina, players control Link as he must stop the moon from crashing into the world within a repeating three-day cycle. By using the power of masks, Link can transform into different forms, solve puzzles, explore dungeons, and interact with a cast of characters whose schedules and stories change over time. The 3DS version updates the graphics, improves controls, and reworks several gameplay elements while preserving the original game’s dark atmosphere and time-based structure."
142,Killzone: Mercenary,Shooter,['PlayStation Vita'],2013-09-10,Guerrilla Cambridge,Sony Computer Entertainment,"Killzone: Mercenary is a first-person shooter set in the Killzone universe, designed specifically for the PlayStation Vita. Players take on the role of Arran Danner, a mercenary who fights for the highest bidder while navigating the conflict between the Interplanetary Strategic Alliance (ISA) and the hostile Helghast Empire. The game features a full single-player campaign, competitive multiplayer, and support for the Vita’s touch controls and rear touchpad. It is known for delivering console-quality visuals and tight shooting mechanics on a handheld system."
143,Yo-kai Watch 2: Psychic Specters,RPG,['Nintendo 3DS'],2017-09-29,Level-5,Nintendo,"Yo-kai Watch 2: Psychic Specters is an expanded version of Yo-kai Watch 2 that adds new story content, quests, and over 300 collectible Yo-kai. Players explore Springdale and the surrounding areas, battling and befriending mischievous spirits called Yo-kai using a real-time, turn-based battle system centered on the Yo-kai Watch. The game features new areas, additional legendary Yo-kai, the Punifriend minigame, revamped dungeon content, and improved multiplayer features. Psychic Specters also includes the content from both previous versions, Bony Spirits and Fleshy Souls, making it the definitive edition of Yo-kai Watch 2."
144,Red Dead Redemption,Action,"['PlayStation 3', 'Xbox 360']",2010-05-18,Rockstar San Diego,Rockstar Games,"Red Dead Redemption is an open-world action-adventure game set in the American frontier during the decline of the Wild West era. Players control former outlaw John Marston, who is forced by federal agents to hunt down members of his old gang in exchange for his family's safety. The game blends gunfights, horseback travel, exploration, and side activities across a large, immersive world filled with towns, wilderness, and lawless outposts. It is praised for its story, atmosphere, and detailed world design, and includes a morality system that affects how the world reacts to the player."
145,Factorio,RTS,"['PC', 'Linux', 'macOS', 'Nintendo Switch']",2020-08-14,Wube Software,Wube Software,"Factorio is a construction and management simulation game focused on building automated factories on an alien planet. Players gather resources, research technologies, design production lines, and defend their industrial base from increasingly aggressive native creatures. The game emphasizes logistics, optimization, and large-scale automation, allowing players to create complex systems of belts, trains, robots, and power networks. It supports single-player and multiplayer cooperative play and is known for its deep progression, intricate factory design, and highly polished simulation."
146,OneShot,Adventure,"['PC', 'Nintendo Switch', 'PlayStation 4', 'Xbox One']",2016-12-08,Future Cat LLC,Future Cat LLC,"OneShot is a surreal puzzle-adventure game in which you guide a child named Niko through a mysterious dying world to restore its sun. The game is known for its fourth-wall-breaking mechanics, making creative use of the player’s computer or console interface to solve puzzles and progress the story. It features a moving narrative, distinctive pixel-art visuals, and an emotional soundtrack, with choices and actions that can affect the game’s outcome."
147,Bloodborne,Action,['PlayStation 4'],2015-03-24,FromSoftware,Sony Computer Entertainment,"Bloodborne is an action role-playing game set in the gothic, nightmare-haunted city of Yharnam, where players take on the role of a Hunter investigating a plague tied to blood ministration and monstrous transformations. Developed by FromSoftware, it emphasizes aggressive, fast-paced combat, rewarding offense and quick reactions over defensive play. The game features a dark Lovecraftian atmosphere, challenging bosses, interconnected level design, and deep weapon customization through its Trick Weapon system. Released exclusively for PlayStation 4, Bloodborne is widely praised for its art direction, combat design, and unsettling worldbuilding."
148,Phoenix Wright: Ace Attorney,Adventure,"['Game Boy Advance', 'Nintendo DS', 'Wii', 'iOS', 'Android', 'Nintendo 3DS', 'PC', 'PlayStation 4', 'Xbox One', 'Nintendo Switch']",2001-10-12,Capcom,Capcom,"Phoenix Wright: Ace Attorney is a visual novel-style legal adventure game that follows rookie defense attorney Phoenix Wright as he investigates crime scenes, gathers evidence, and cross-examines witnesses in dramatic courtroom trials. The player must uncover contradictions in testimony, present the right evidence at the right moment, and solve a series of murder cases to prove their clients' innocence. Known for its memorable characters, witty dialogue, and iconic ""Objection!"" courtroom confrontations, the game blends mystery solving with light puzzle elements and a strong story-driven structure. It originally launched in Japan for the Game Boy Advance and later became widely popular through the Nintendo DS version, which added touch controls and enhanced presentation."
149,Devil May Cry 3: Dante's Awakening,Action,"['PlayStation 2', 'PC', 'Nintendo Switch', 'PlayStation 3', 'PlayStation 4', 'Xbox 360', 'Xbox One']",2005-02-17,Capcom,Capcom,"Devil May Cry 3: Dante's Awakening is a hack-and-slash action game and the prequel to the original Devil May Cry. It follows a younger Dante as he opens a mysterious demonic tower, Temen-ni-gru, and battles his twin brother Vergil in a story centered on family conflict, demonic power, and Dante's rise as a demon hunter. The game is known for its fast-paced combat, style-based ranking system, challenging difficulty, and the introduction of selectable combat styles that dramatically change how Dante fights. Its intense boss encounters, deep combo system, and strong presentation made it one of the most acclaimed entries in the series."
150,Astro Bot Rescue Mission,Action,"['PlayStation 4', 'PlayStation VR']",2018-10-02,Japan Studio,Sony Interactive Entertainment,"Astro Bot Rescue Mission is a 3D platformer built specifically for PlayStation VR. Players control Astro, a small robot captain, as he travels through colorful worlds to rescue his lost crew after their spaceship is attacked. The game uses VR in creative ways, requiring players to look around environments, lean in, and interact with the world to find hidden bots, solve environmental puzzles, and defeat bosses. Its levels feature imaginative set pieces, tight platforming, and a strong sense of depth and scale, making it one of the standout games for the platform. The game was widely praised for its inventive use of virtual reality, charming presentation, and polished gameplay."
151,Hollow Knight: Silksong,Adventure,"['PC', 'Nintendo Switch', 'PlayStation 4', 'PlayStation 5', 'Xbox One', 'Xbox Series X/S']",2025-09-04,Team Cherry,Team Cherry,"Hollow Knight: Silksong is the long-awaited sequel to Hollow Knight, developed by Team Cherry. Players control Hornet, a swift and agile princess-protector, as she is captured and brought to the mysterious kingdom of Pharloom. The game features fast-paced 2D action, acrobatic movement, challenging combat, and extensive exploration through interconnected hand-drawn environments filled with enemies, secrets, quests, and bosses. It builds on the original’s Metroidvania-style design with new tools, crafting systems, and traversal abilities."
152,Jak and Daxter Collection,Adventure,"['PlayStation 3', 'PlayStation Vita']",2012-02-07,"Mass Media, Inc.",Sony Computer Entertainment,"Jak and Daxter Collection is a high-definition remaster of the original Jak and Daxter trilogy developed by Mass Media, Inc. and published by Sony Computer Entertainment. The collection includes Jak and Daxter: The Precursor Legacy, Jak II, and Jak 3, featuring updated visuals, trophy support, and stereoscopic 3D on supported platforms. Players follow Jak and his loyal sidekick Daxter through a series of action-adventure worlds that blend platforming, combat, exploration, vehicle sections, and light puzzle solving. The first game emphasizes open-area platforming and collecting Precursor Orbs, while the sequels expand the formula with darker storytelling, guns, vehicles, and more varied missions. The collection preserves the core gameplay and humor of the original Naughty Dog classics while making them accessible on modern PlayStation hardware."
153,Pokemon Platinum Version,RPG,['Nintendo DS'],2008-09-13,Game Freak,Nintendo,"Pokémon Platinum Version is an enhanced version of Pokémon Diamond and Pearl, set in the Sinnoh region. Players begin as a new Pokémon Trainer and journey across the region to collect Gym badges, challenge the Pokémon League, and stop Team Galactic’s plans involving the legendary Pokémon Giratina. Platinum introduces the Distortion World, expanded story content, improved gameplay balance, a larger selection of Pokémon, and the Battle Frontier for post-game challenges. It is widely regarded as one of the most polished and content-rich entries in the Pokémon series."
154,Uncharted 2: Among Thieves,Adventure,"['PlayStation 3', 'PlayStation 4']",2009-10-13,Naughty Dog,Sony Computer Entertainment,"Uncharted 2: Among Thieves is an action-adventure game following treasure hunter Nathan Drake as he is drawn into a globe-spanning search for the Cintamani Stone and the lost city of Shambhala. Pursued by rival treasure hunters and a ruthless war criminal, Drake teams up with allies Chloe Frazer and Victor Sullivan while navigating dangerous ruins, urban environments, and high-stakes combat. The game is known for its cinematic presentation, third-person shooting, platforming, puzzle-solving, and set-piece sequences, and is widely regarded as one of the defining titles of the PlayStation 3 era."
155,Mass Effect 2,RPG,"['PC', 'PlayStation 3', 'Xbox 360', 'PlayStation 4', 'Xbox One']",2010-01-26,BioWare,Electronic Arts,"Mass Effect 2 is a science fiction action role-playing game set in the 22nd century, where players take on the role of Commander Shepard, humanity’s elite soldier and N7 operative. After the events of the original Mass Effect, Shepard is recruited by the mysterious organization Cerberus to investigate a devastating threat known as the Collectors, who are abducting entire human colonies. The game focuses on assembling and leading a diverse squad of specialists for a dangerous suicide mission across the galaxy.

Gameplay combines third-person shooting, squad-based tactics, and dialogue-driven choices that shape character relationships and the story’s outcome. Decisions carry over from Mass Effect, and player choices can significantly affect the fate of squadmates and the broader trilogy. Mass Effect 2 is widely praised for its strong character development, cinematic presentation, and streamlined combat, and is considered one of the most acclaimed role-playing games of its generation."
156,Final Fantasy XIV: Endwalker,RPG,"['PC', 'PlayStation 4', 'PlayStation 5']",2021-12-07,Square Enix Creative Business Unit III,Square Enix,"Final Fantasy XIV: Endwalker is the fourth expansion for the MMORPG Final Fantasy XIV. It concludes the game’s long-running Hydaelyn and Zodiark storyline while expanding the world with new areas, jobs, dungeons, raids, and an increased level cap. Players travel across Eorzea and beyond, facing the end of days and uncovering the final chapters of the saga through a mix of solo story content and cooperative multiplayer challenges. The expansion introduced the Sage and Reaper jobs, the male Viera playable race, and a broad range of quality-of-life improvements and combat adjustments."
157,Ghost of Tsushima: Legends,Action,"['PlayStation 4', 'PlayStation 5', 'PC']",2020-10-16,Sucker Punch Productions,Sony Interactive Entertainment,"Ghost of Tsushima: Legends is a cooperative multiplayer expansion to Ghost of Tsushima that reimagines the game’s feudal Japan setting through myth-inspired missions and supernatural combat. Players choose from distinct classes and team up in 2-player story missions, 3-player survival mode, and later raid content, battling waves of oni, ghosts, and other enemies drawn from Japanese folklore. The mode emphasizes coordination, class synergy, and gear progression, with each class offering unique abilities and playstyles. Originally released as a free update for Ghost of Tsushima, Legends later received standalone availability and support through Ghost of Tsushima Director’s Cut and Ghost of Tsushima: Legends standalone."
158,Xenoblade Chronicles: Definitive Edition,RPG,['Nintendo Switch'],2020-05-29,Monolith Soft,Nintendo,"Xenoblade Chronicles: Definitive Edition is a remastered version of the acclaimed action RPG Xenoblade Chronicles. It follows Shulk, a young warrior who wields the legendary Monado sword, as he sets out on a journey across the bodies of two colossal titans, Bionis and Mechonis. Featuring a vast open-world structure, real-time combat with party-based abilities, and an expanded soundtrack and visual overhaul, this edition also includes new story content called Future Connected."
159,Calculator,Sports,"['Windows', 'macOS', 'Linux', 'Mobile']",1972-01-01,Texas Instruments,Texas Instruments,"Calculator is a general-purpose computing utility rather than a traditional video game. It has appeared in many forms across computers, mobile devices, and dedicated electronic hardware, allowing users to perform arithmetic, scientific, and sometimes programming calculations. While it is not a game in the usual entertainment sense, the title is sometimes included in game lists due to cataloging quirks or placeholder entries. Calculator applications are known for their simplicity, speed, and usefulness in everyday tasks such as budgeting, engineering, and education. Different versions have been shipped by operating system vendors and hardware manufacturers over the decades."
160,Outer Wilds: Echoes of the Eye,Adventure,"['PC', 'PlayStation 4', 'Xbox One', 'PlayStation 5', 'Xbox Series X/S']",2021-09-28,Mobius Digital,Annapurna Interactive,"Outer Wilds: Echoes of the Eye is the expansion to Outer Wilds, a first-person exploration and mystery adventure set in the same handcrafted solar system. The DLC introduces a new, hidden location and a separate narrative thread centered on a mysterious signal that leads the player to uncover the secrets of an ancient civilization. Like the base game, it emphasizes exploration, environmental storytelling, puzzle-solving, and discovery with no combat-focused progression. Echoes of the Eye expands the universe of Outer Wilds while preserving its time-loop-driven sense of curiosity and discovery."
161,Super Mario Bros. Wonder,Adventure,['Nintendo Switch'],2023-10-20,Nintendo EPD,Nintendo,"Super Mario Bros. Wonder is a 2D side-scrolling platformer for Nintendo Switch that reimagines the classic Mario formula with colorful visuals, inventive level design, and unpredictable ""Wonder"" effects that radically change gameplay. Players can choose from Mario, Luigi, Peach, Daisy, Toad, Toadette, Yoshi, and Nabbit as they travel through the Flower Kingdom to stop Bowser, who has fused with the powerful Wonder Flower and turned himself into a monstrous castle. The game introduces new power-ups such as the Elephant Fruit, bubble-blowing, and drill abilities, along with online features that let players see other players' avatars and helpful ghost-style stand-ins during stages."
162,Resident Evil 4: Separate Ways,Action,"['GameCube', 'PlayStation 2', 'PC', 'Wii', 'iOS', 'PlayStation 3', 'Xbox 360', 'PlayStation 4', 'Xbox One', 'Nintendo Switch', 'PC (2023 remake)', 'PlayStation 5', 'Xbox Series X/S']",2005-09-19,Capcom,Capcom,"Resident Evil 4: Separate Ways is an action-adventure survival horror expansion centered on Ada Wong, running alongside the events of Resident Evil 4. Players experience a parallel story that reveals Ada’s covert mission, her interactions with key characters, and how her actions influence Leon S. Kennedy’s journey. The mode features combat, exploration, puzzle-solving, and item management, with a heavier emphasis on Ada’s agility, gadget use, and stealthier approach compared with Leon’s campaign.

Originally included as an unlockable bonus mode in the PlayStation 2 version of Resident Evil 4, Separate Ways later appeared in other editions and remakes, including as a standalone-style story expansion in Resident Evil 4 (2023). It expands the lore of the main game and adds new areas, enemy encounters, and story scenes that reframe events from Ada’s perspective. The campaign is known for its tighter pacing, additional backstory, and significant role in connecting plot threads involving Ada, Leon, Luis, Krauser, and Albert Wesker."
163,DELTARUNE,RPG,"['PC', 'Nintendo Switch', 'PlayStation 4', 'macOS', 'Nintendo Switch 2', 'PlayStation 5']",2018-10-31,Toby Fox,Toby Fox,"DELTARUNE is a chapter-based role-playing game created by Toby Fox, best known for UNDERTALE. Players control Kris and a party of classmates and allies as they journey through mysterious Dark Worlds that connect to their everyday life in the town of Hometown. The game blends turn-based combat with bullet-hell dodging, party management, and choices that can change encounters, while emphasizing humor, character-driven storytelling, and emotional themes. Unlike UNDERTALE, DELTARUNE is designed as a separate experience with its own story and cast, though it shares some familiar faces and motifs. Chapters 1 and 2 have been released for free, with later chapters planned as paid content. The game has been praised for its music, writing, worldbuilding, and distinctive battle system."
164,Donkey Kong Bananza,Action,['Nintendo Switch 2'],2025-07-17,Nintendo,Nintendo,"Donkey Kong Bananza is a 3D action-platformer starring Donkey Kong, built around fast-paced traversal and large-scale environmental destruction. Players smash through terrain, uncover hidden routes and collectibles, and use DK’s raw strength to battle enemies and overcome obstacles across colorful, expansive stages. The game emphasizes freedom of movement, creative problem-solving, and spectacle, with a focus on banana-themed adventures and cooperative-style momentum through layered environments. It was developed and published by Nintendo for Nintendo Switch 2."
165,Outer Wilds,Adventure,"['PC', 'PlayStation 4', 'Xbox One', 'Nintendo Switch']",2019-05-28,Mobius Digital,Annapurna Interactive,"Outer Wilds is an open-world mystery adventure about a solar system trapped in a time loop. As an explorer for the Hearthian space program, the player travels between hand-crafted planets to uncover the fate of an ancient alien civilization known as the Nomai and investigate the cause of the loop that resets every 22 minutes. Progress is driven entirely by knowledge and observation rather than character upgrades or combat. The game emphasizes curiosity, non-linear exploration, environmental storytelling, and puzzle-solving as players piece together clues scattered across planets with unique physics and hazards. Its structure rewards careful observation and experimentation, making each discovery unlock new areas, secrets, and connections in the larger mystery."
166,Cyberpunk 2077: Phantom Liberty,RPG,"['PC', 'PlayStation 5', 'Xbox Series X/S']",2023-09-26,CD Projekt Red,CD Projekt,"Cyberpunk 2077: Phantom Liberty is a spy-thriller expansion for Cyberpunk 2077 set in Dogtown, a dangerous district of Night City. Players return as V, recruited into a high-stakes mission to save the President of the New United States after her shuttle is shot down. The expansion adds a new story arc, characters, missions, weapons, cyberware, a new Relic skill tree, and vehicle combat elements. It also introduces a redesigned progression system and endgame content alongside the base game update. Phantom Liberty is known for its branching narrative, tense espionage atmosphere, and major choices that can significantly affect the outcome of the story."
167,The Witcher 3: Wild Hunt - Complete Edition,RPG,"['PC', 'PlayStation 4', 'PlayStation 5', 'Xbox One', 'Xbox Series X|S', 'Nintendo Switch']",2016-08-30,CD Projekt Red,CD Projekt,"The Witcher 3: Wild Hunt - Complete Edition is the definitive version of CD Projekt Red’s award-winning open-world action RPG. Players take on the role of Geralt of Rivia, a monster hunter searching for his adopted daughter, Ciri, while navigating a war-torn fantasy world filled with political intrigue, dangerous creatures, and moral choices. The Complete Edition bundles the base game with both major expansions, Hearts of Stone and Blood and Wine, along with all previously released DLC. It features a vast seamless world, branching quests, skill-based combat, alchemy, and deep character progression. This edition also includes gameplay and visual enhancements from the next-gen update, depending on platform."
168,Pikmin 4,Adventure,['Nintendo Switch'],2023-07-21,Nintendo EPD,Nintendo,"Pikmin 4 is a real-time strategy adventure game developed and published by Nintendo for the Nintendo Switch. Players lead a rescue team and a squad of plant-like Pikmin while exploring a mysterious planet, solving environmental puzzles, gathering resources, and battling creatures. The game introduces a customizable Rescue Pup companion named Oatchi, who can help carry items, overcome obstacles, and assist in combat. It also adds a nighttime mode, new Pikmin types, and a more accessible structure than previous entries in the series."
169,Jak and Daxter Collection,Adventure,"['PlayStation 3', 'PlayStation Vita']",2012-02-07,"Mass Media, Inc.",Sony Computer Entertainment,"Jak and Daxter Collection is a high-definition remastered compilation of three classic action-adventure platformers: Jak and Daxter: The Precursor Legacy, Jak II, and Jak 3. The collection modernizes the original PlayStation 2 games with upgraded visuals and trophy support while preserving their signature blend of platforming, exploration, combat, vehicle sections, and quirky humor. Players follow Jak and his companion Daxter across a series of interconnected worlds, uncovering ancient secrets, battling enemies, and using an expanding set of abilities and weapons. The collection is known for bringing the full PS2 trilogy to PlayStation 3 and PS Vita in one package for both longtime fans and new players."
170,Resident Evil 4: Separate Ways,Action,"['GameCube', 'PlayStation 2', 'PC', 'PlayStation 4', 'Xbox One', 'Nintendo Switch', 'PlayStation 5', 'Xbox Series X/S']",2005-10-25,Capcom Production Studio 4,Capcom,"Resident Evil 4: Separate Ways is a bonus campaign centered on Ada Wong, expanding the story of Resident Evil 4 from her perspective. Originally included in the PlayStation 2 version as an unlockable mode and later featured in various releases, it follows Ada’s covert mission to retrieve the sample of the Las Plagas parasite while intersecting with Leon S. Kennedy’s journey in rural Spain. The campaign adds new areas, unique scenarios, and exclusive gameplay sequences that deepen the main game’s plot and Ada’s role in the events surrounding the Ganado outbreak. It blends third-person action, survival horror, and puzzle-solving, with Ada’s distinct weapons and grappling-hook movement giving it a more agile style than Leon’s campaign."
171,Outer Wilds: Archaeologist Edition,Adventure,"['PC', 'PlayStation 4', 'Xbox One', 'Nintendo Switch']",2023-09-15,Mobius Digital,Annapurna Interactive,"Outer Wilds: Archaeologist Edition is the complete edition of the critically acclaimed space exploration mystery game Outer Wilds. It includes the base game and the Echoes of the Eye expansion. Players explore a handcrafted solar system trapped in a time loop, uncovering the secrets of an ancient alien civilization known as the Nomai. The game emphasizes curiosity, observation, and non-linear discovery rather than combat or traditional progression. The Archaeologist Edition bundles the full experience for players who want the complete story and all major content in one package."
172,Final Fantasy VII Remake Intergrade,RPG,"['PlayStation 5', 'PC']",2021-06-10,Square Enix Business Division 1,Square Enix,"Final Fantasy VII Remake Intergrade is an enhanced PlayStation 5 and PC edition of Final Fantasy VII Remake. It retells the opening section of the 1997 classic in the dystopian city of Midgar, following former SOLDIER operative Cloud Strife as he joins the eco-terrorist group AVALANCHE to fight the megacorporation Shinra. Intergrade features improved graphics, faster loading times, a photo mode, and a new performance mode, along with Yuffie Kisaragi’s bonus episode, INTERmission, which adds a separate story campaign set during the events of the main game. The game blends real-time action with strategic command-based elements and expands the original story with new characterization, combat systems, and narrative details."
173,DELTARUNE,RPG,"['PC', 'Nintendo Switch', 'PlayStation 4']",2018-10-31,Toby Fox,Toby Fox,"DELTARUNE is a chapter-based role-playing game created by Toby Fox, best known for UNDERTALE. Players control Kris and team up with Susie and Ralsei as they travel between the Light World and mysterious Dark Worlds. The game blends turn-based battles, bullet-hell dodging, humor, and story-driven exploration, with a strong emphasis on character interactions and player choice. Unlike UNDERTALE, DELTARUNE uses a party-based combat system and is being released in chapters rather than as a single complete game. The first chapters launched in 2018 and 2021, with additional chapters planned for future release."
174,Donkey Kong Bananza,Adventure,['Nintendo Switch 2'],2025-07-17,Nintendo EPD,Nintendo,"Donkey Kong Bananza is a 3D action-adventure platformer for Nintendo Switch 2 starring Donkey Kong. Players explore a large underground world filled with destructible terrain, hidden routes, collectibles, enemies, and environmental puzzles. The game emphasizes powerful movement, exploration, and smashing through obstacles to uncover new areas and secrets. It was announced as part of Nintendo’s Switch 2 lineup and is one of the system’s major first-party releases. The title features single-player gameplay and showcases the hardware with detailed visuals, expansive levels, and physics-driven interactions centered on Donkey Kong’s strength and agility."
175,Metroid Prime 2: Echoes,Adventure,['Nintendo GameCube'],2004-11-15,Retro Studios,Nintendo,"Metroid Prime 2: Echoes is a first-person action-adventure game in the Metroid series, following Samus Aran as she investigates the doomed planet Aether. After a space pirate conflict and a collision with a dimensional anomaly, Aether is split into a bright Light World and a hostile Dark World, forcing Samus to travel between both realities to survive and solve environmental puzzles. The game expands on the original Metroid Prime with a more combat-focused design, new beam weapons, the Dark Beam and Light Beam, and the unique ammo system tied to them. It is known for its challenging enemies, atmospheric world design, and tense exploration across interconnected regions. Released for the Nintendo GameCube, Echoes was developed by Retro Studios and published by Nintendo. It remains one of the most ambitious and demanding entries in the Metroid franchise."
176,Space Rangers 2: Reboot,RPG,['PC'],2004-10-30,Elemental Games,1C Company,"Space Rangers 2: Reboot is a hybrid sci-fi role-playing game that blends open-world exploration, turn-based combat, trading, text adventures, and real-time strategy elements. Set in a dynamic galaxy threatened by the expansion of hostile robotic Dominators, players can choose different careers such as trader, pirate, bounty hunter, or space ranger while freely exploring star systems, taking missions, upgrading ships, and interacting with factions. The game is known for its huge sandbox structure, emergent events, and unusual mix of gameplay styles, including planetary landings, arcade-style action sequences, and strategy-based battles. Reboot is the international release name of Space Rangers 2 and includes the original game along with the Reboot expansion content."
177,The Legend of Zelda: The Minish Cap,Adventure,"['Game Boy Advance', 'Nintendo 3DS (via Nintendo 3DS Ambassador Program / Virtual Console availability in some regions)']",2004-11-04,Capcom,Nintendo,"The Legend of Zelda: The Minish Cap is an action-adventure game in the Legend of Zelda series. Developed by Capcom with supervision from Nintendo, it follows Link as he teams up with the mysterious Minish Ezlo to stop the sorcerer Vaati and restore the Picori Blade. A key mechanic lets Link shrink to the size of the tiny Minish race, revealing new paths, puzzles, and hidden secrets in familiar environments. The game features colorful GBA-era visuals, classic dungeon exploration, sword and item upgrades, and a story set in the kingdom of Hyrule."
178,Knights of Honor,RTS,['PC'],2004-09-06,Black Sea Studios,Sunflowers Interactive Entertainment Software,"Knights of Honor is a medieval real-time strategy game with strong grand-strategy elements, set across Europe, North Africa, and the Middle East. Players take control of a royal family and manage a kingdom through diplomacy, warfare, economy, and dynastic politics. Unlike many RTS games, it emphasizes high-level decision-making, province control, and recruiting noble knights as leaders for armies, spies, merchants, and clergy. The game features a large strategic map, real-time battles, and a flexible system for alliances, crusades, espionage, and trade. Its blend of accessible kingdom management and large-scale medieval conflict made it stand out among early 2000s strategy games."
179,Burnout Revenge,RPG,"['PlayStation 2', 'Xbox', 'Xbox 360', 'PlayStation 3', 'Mobile', 'PC']",2005-09-13,Criterion Games,Electronic Arts,"Burnout Revenge is an arcade racing game focused on high-speed driving, aggressive takedowns, and causing spectacular crashes. Players compete in intense street races and traffic-heavy events where revenge is a core mechanic: you can target rival cars, slam opponents into obstacles, and build boost by driving dangerously. The game expands on Burnout 3’s signature crash-heavy gameplay with new modes, traffic checking, and enhanced online competition. Known for its fast pace, explosive visuals, and adrenaline-fueled presentation, Burnout Revenge rewards risk-taking and aggressive driving over realistic simulation."
180,The Orange Box,Shooter,"['PC', 'Xbox 360', 'PlayStation 3', 'Mac OS X', 'Linux']",2007-10-10,Valve,Valve,"The Orange Box is a compilation release by Valve that bundles five games and episodes: Half-Life 2, Half-Life 2: Episode One, Half-Life 2: Episode Two, Portal, and Team Fortress 2. It is best known for delivering a mix of single-player first-person shooting, puzzle-solving, and multiplayer team-based action in one package. Half-Life 2 and its episodes continue Gordon Freeman’s sci-fi story, Portal introduces a unique physics-based puzzle mechanic centered on creating linked portals, and Team Fortress 2 offers stylized class-based multiplayer combat. Widely praised for its value and innovation, The Orange Box became one of the most acclaimed game bundles ever released."
181,The Lord of the Rings: The Battle for Middle-Earth,RTS,['PC'],2004-12-06,EA Los Angeles,Electronic Arts,"The Lord of the Rings: The Battle for Middle-earth is a real-time strategy game set in J.R.R. Tolkien's Middle-earth and based on the film trilogy directed by Peter Jackson. Players command the forces of good or evil across large-scale battles drawn from The Fellowship of the Ring, The Two Towers, and The Return of the King, building bases, recruiting units, and using heroes such as Aragorn, Gandalf, Saruman, and Sauron. The game features two full single-player campaigns that let you experience the War of the Ring from both sides, along with skirmish and multiplayer modes. It is known for its cinematic presentation, hero-focused gameplay, and large battles that bring the film adaptation to life."
182,Pokemon Emerald Version,RPG,['Game Boy Advance'],2005-05-01,Game Freak,Nintendo,"Pokémon Emerald Version is a third-generation role-playing game set in the Hoenn region. Players begin as a young Pokémon Trainer, choosing a starter Pokémon and traveling across the region to battle Gym Leaders, collect badges, and challenge the Elite Four. Emerald expands on Pokémon Ruby and Sapphire with an updated storyline that features both Team Magma and Team Aqua, while also introducing the Battle Frontier, a post-game facility with multiple challenging battle formats. It includes the ability to catch many Pokémon from earlier games, additional animations and visual refinements, and improved link features for trading and battling. The game is known for its blend of exploration, turn-based battles, and creature collection, and it remains one of the most celebrated entries in the Pokémon series."
183,WWE SmackDown! Here Comes the Pain,Sports,['PlayStation 2'],2003-10-27,Yuke's,THQ,"WWE SmackDown! Here Comes the Pain is a professional wrestling video game featuring the WWE roster from the early 2000s. Players can compete in singles matches, tag team bouts, and several specialty match types, including Hell in a Cell, Elimination Chamber, and backstage brawls. The game is known for its fast-paced arcade-style gameplay, large roster, and deep season mode, where players can guide a wrestler through storylines, rivalries, and championship pursuits. It is widely regarded as one of the most popular and critically acclaimed WWE games on the PlayStation 2."
184,Portal,Adventure,"['PC', 'PlayStation 3', 'Xbox 360', 'Linux', 'macOS', 'Nintendo Switch']",2007-10-10,Valve,Valve,"Portal is a first-person puzzle-adventure game set in the mysterious Aperture Science Enrichment Center. Players control Chell, a test subject who must navigate a series of increasingly complex chambers using the Aperture Science Handheld Portal Device, which creates linked portals on flat surfaces. The game emphasizes physics-based problem solving, spatial reasoning, and creative use of momentum to bypass obstacles, traps, and environmental hazards. Guided by the unsettling AI GLaDOS, Portal is known for its dark humor, minimalist storytelling, and iconic companion cube. Originally released as part of The Orange Box, it became widely praised for its innovative mechanics, clever level design, and memorable writing, and is regarded as one of the most influential puzzle games of all time."
185,God of War,Action,['PlayStation 2'],2005-03-22,SCE Santa Monica Studio,Sony Computer Entertainment,"God of War is an action-adventure game set in Greek mythology that follows Kratos, a Spartan warrior serving the gods of Olympus. Driven by vengeance against Ares, the God of War, Kratos embarks on a brutal quest through ancient lands and mythological horrors. The game combines fast-paced combat, platforming, puzzle-solving, and cinematic set pieces, with a strong focus on visceral melee action using the Blades of Chaos. Praised for its presentation, combat system, and epic scale, God of War became one of the defining PlayStation 2 titles and launched a long-running franchise."
186,RollerCoaster Tycoon 2: Triple Thrill Pack,RTS,['PC'],2003-10-08,Chris Sawyer Productions,Infogrames,"RollerCoaster Tycoon 2: Triple Thrill Pack is a compilation release that bundles RollerCoaster Tycoon 2 with the Wacky Worlds and Time Twister expansion packs. In the game, players design, build, and manage theme parks, constructing roller coasters, flat rides, shops, and scenery while balancing guest happiness, park finances, and park objectives. It expands the classic isometric park-management gameplay of RollerCoaster Tycoon 2 with a large set of new rides, scenarios, scenery pieces, and themed content from the two expansions. The game is known for its deep coaster-building tools, detailed park simulation, and highly customizable sandbox-style gameplay."
187,Ape Escape 3,Adventure,['PlayStation 2'],2005-07-14,SCE Japan Studio,Sony Computer Entertainment,"Ape Escape 3 is a colorful action-adventure game in the Ape Escape series for PlayStation 2. Players control a pair of heroes, Kei and Yumi, as they use a variety of gadgets to capture mischievous escaped monkeys across themed stages. The game features a playful story, fast-paced platforming, and gadget-based gameplay that builds on the series' signature dual-analog control style. Ape Escape 3 also includes a party-game feature called the Specter TV system, where players can watch in-game programs and unlock content, adding humor and replay value."
188,Kirby's Return to Dream Land,Adventure,['Wii'],2011-10-24,HAL Laboratory,Nintendo,"Kirby's Return to Dream Land is a side-scrolling action-platformer for the Wii in which Kirby and his friends help a crash-landed alien named Magolor recover the scattered pieces of his ship. Players can inhale enemies, copy their abilities, and use them in cooperative multiplayer for up to four players. The game features colorful 2D stages, boss battles, challenge rooms, and special Super Abilities that temporarily grant Kirby powerful moves to clear obstacles and enemies. It was praised for its classic Kirby gameplay, polished presentation, and accessible co-op play."
189,Batman: Arkham City,Action,"['PlayStation 3', 'Xbox 360', 'Windows', 'Wii U', 'PlayStation 4', 'Xbox One', 'Nintendo Switch', 'macOS']",2011-10-18,Rocksteady Studios,Warner Bros. Interactive Entertainment,"Batman: Arkham City is an action-adventure game set in an open-world section of Gotham City turned into a massive prison for the city’s most dangerous criminals. Playing as Batman, players use stealth, detective skills, gadgets, and fluid melee combat to stop a sinister plot involving Hugo Strange, the Joker, and other classic DC villains. The game expands on the acclaimed formula of Arkham Asylum with a larger world, more side missions, and a deeper combat and predator system. It is widely praised for its atmosphere, storytelling, voice acting, and faithful portrayal of Batman lore."
190,Mount & Blade: Warband,RPG,"['PC', 'PlayStation 4', 'Xbox One', 'Nintendo Switch']",2010-03-30,TaleWorlds Entertainment,Paradox Interactive,"Mount & Blade: Warband is an open-world action RPG set in the medieval-inspired land of Calradia. Players create a custom character and build a faction from the ground up through combat, trading, diplomacy, mercenary work, and conquest. The game combines real-time, third-person mounted and foot combat with strategic army management, allowing players to recruit troops, siege castles, serve lords, or claim territory for themselves. Warband expands on the original Mount & Blade with improved graphics, multiplayer battles, political systems, and the ability to establish and rule a kingdom. Its sandbox structure and large-scale battles made it a highly influential cult classic in the RPG genre."
191,"Nine Hours, Nine Persons, Nine Doors",Adventure,"['Nintendo DS', 'iOS', 'Android', 'Nintendo 3DS', 'PC']",2009-12-10,Chunsoft,Spike Chunsoft,"Nine Hours, Nine Persons, Nine Doors (often abbreviated 999) is a visual novel adventure game that blends escape-room puzzles with a suspenseful branching narrative. Players control Junpei, who awakens trapped aboard a sinking ship-like facility with eight other strangers, each forced to participate in the deadly Nonary Game. To survive, they must solve escape-room challenges, form alliances, and make difficult choices that affect the story’s flow. The game is known for its intricate plot, multiple endings, psychological horror elements, and clever use of the Nintendo DS’s dual screens and touch controls. It is the first entry in the Zero Escape series and helped establish the franchise’s reputation for elaborate time-loop mysteries and philosophical themes."
192,Portal: Still Alive,Action,['Xbox 360'],2008-10-22,Valve,Microsoft Game Studios,"Portal: Still Alive is an expanded version of Valve’s award-winning first-person puzzle game Portal, released exclusively for Xbox Live Arcade. It includes the original Portal campaign plus 14 additional bonus challenge levels based on content cut from the original game. Players use the Aperture Science Handheld Portal Device to create linked portals, solving physics-based puzzles, navigating environmental hazards, and escaping the mysterious Aperture Science Enrichment Center. The game is known for its dark humor, atmospheric storytelling, and the iconic antagonistic AI GLaDOS."
193,Dragon Ball Z: Budokai Tenkaichi 3,Action,"['PlayStation 2', 'Wii']",2007-10-04,Spike,Bandai Namco Games,"Dragon Ball Z: Budokai Tenkaichi 3 is a 3D arena fighting game based on the Dragon Ball Z anime and manga series. It features a large roster of characters from Dragon Ball, Dragon Ball Z, Dragon Ball GT, and movie-original content, with fast-paced aerial combat, signature special moves, and destructible battle environments. The game includes multiple modes such as Story, World Tournament, and Dragon History, and is known for refining the gameplay of its predecessor with improved controls, added stages, and expanded character transformations. It became one of the most acclaimed Dragon Ball fighting games for its extensive content and faithful presentation of the series."
194,Mario & Luigi: Bowser's Inside Story,RPG,['Nintendo DS'],2009-02-11,AlphaDream,Nintendo,"Mario & Luigi: Bowser's Inside Story is a comedic action RPG in which Mario and Luigi are accidentally inhaled into Bowser's body and must work from the inside to help stop a crisis threatening the Mushroom Kingdom. Players switch between controlling the brothers’ inside-the-body exploration and Bowser’s adventures across the overworld, using timed turn-based battles, puzzles, and character-specific abilities. The game is known for its humor, inventive dual-scenario structure, and boss fights that make use of the Nintendo DS touchscreen and microphone."
195,Heroes of Might and Magic II: The Succession Wars,RTS,"['PC', 'Mac']",1996-10-01,New World Computing,The 3DO Company,"Heroes of Might and Magic II: The Succession Wars is a turn-based strategy game in which players build towns, recruit armies, gather resources, and explore a fantasy world map while commanding heroes in tactical battles. Set in the aftermath of a royal succession crisis, the game lets players choose between rival factions and vie for control of the kingdom through conquest, diplomacy, and strategic expansion. It expanded on the original with improved graphics, new creatures, more spells, and deeper campaign play, becoming one of the best-known entries in the series."
196,Heart of Darkness,Adventure,"['PlayStation', 'PC']",1998-07-31,Amazing Studio,Sierra On-Line,"Heart of Darkness is a cinematic 2D platform adventure game in which players control Andy, a young boy who ventures through dangerous, surreal worlds to rescue his dog, Whisky, from a shadowy force known as the Darkness. The game is known for its hand-drawn animation, atmospheric visuals, and puzzle-focused gameplay mixed with light action and exploration. Players must navigate hostile environments, avoid deadly traps, and use a variety of tools and abilities to overcome enemies and obstacles across an eerie fantasy setting."
197,Paper Mario,RPG,['Nintendo 64'],2000-08-11,Intelligent Systems,Nintendo,"Paper Mario is a turn-based role-playing game set in the Mario universe, featuring a charming papercraft visual style. Players control Mario as he journeys across the Mushroom Kingdom to rescue Princess Peach and recover the seven Star Spirits after Bowser steals the Star Rod and takes over Star Haven. The game blends traditional RPG combat with timing-based action commands, exploration, puzzle solving, and light platforming elements. Its accessible mechanics, humorous writing, and memorable partners helped establish Paper Mario as a standout entry in the Mario franchise and a foundational title for the series."
198,Diablo II,RPG,"['PC', 'Mac']",2000-06-29,Blizzard North,Blizzard Entertainment,"Diablo II is an action role-playing game set in a dark fantasy world where players choose one of five character classes and battle through randomized dungeons, wilderness areas, and towns to stop the demonic Wanderer and the Prime Evils. The game emphasizes fast-paced combat, loot hunting, character customization through skill trees, and replayability across four acts. Its expansion, Lord of Destruction, added two new classes, new items, and an additional act, further expanding the game's depth and longevity."
199,Conker's Bad Fur Day,Action,['Nintendo 64'],2001-03-05,Rare,Rare,"Conker's Bad Fur Day is a third-person action-platformer developed and published by Rare for the Nintendo 64. It follows Conker, a foul-mouthed red squirrel who stumbles through a bizarre, heavily parodied world after a night of drinking and partying leaves him trying to get home. The game is known for its adult humor, cinematic presentation, varied gameplay, and deliberate subversion of family-friendly platform game conventions. Players progress through a series of levels that mix platforming, shooting, puzzle-solving, and set-piece challenges, often featuring references to movies, television, and other games. Initially conceived as a more traditional title, it was redesigned into a mature comedy after development shifted direction late in production. Despite limited commercial success at launch, it became a cult classic and is widely remembered as one of the Nintendo 64's most distinctive games."
200,Dungeon Keeper 2,RTS,['PC'],1999-06-30,Bullfrog Productions,Electronic Arts,"Dungeon Keeper 2 is a real-time strategy game that puts you in the role of a dungeon overlord. Instead of commanding noble heroes, you build and manage a subterranean lair, dig out rooms, train monstrous minions, and defend your dungeon from invading forces. The game combines strategy, resource management, trap placement, and direct possession of creatures for hands-on combat. It features a darkly humorous tone, stylized fantasy presentation, and a campaign focused on conquering enemy realms while protecting your own."
201,Age of Wonders,RTS,['PC'],1999-10-26,Triumph Studios,Gathering of Developers,"Age of Wonders is a turn-based strategy game that blends empire building, tactical combat, and fantasy role-playing elements. Players lead one of several races and hero units across a magical world, managing cities, researching spells, and expanding territory while engaging in grid-based battles. The game is known for its deep strategic systems, rich fantasy setting, and the ability to conquer or diplomatically influence rival factions."
202,Age of Mythology,RTS,['PC'],2002-10-30,Ensemble Studios,Microsoft Game Studios,"Age of Mythology is a real-time strategy game set in a mythological version of the ancient world. Players choose from one of several civilizations inspired by Greek, Egyptian, and Norse cultures, build cities, gather resources, train armies, and invoke gods and mythological creatures to gain strategic advantages. The game combines classic RTS mechanics with divine powers, hero units, and fantastical units such as minotaurs, cyclopes, and mummies. Its campaign follows the hero Arkantos as he journeys across legendary lands and battles both mortal enemies and mythic threats. Known for its strong single-player story, varied factions, and competitive multiplayer, Age of Mythology became a celebrated spin-off of the Age of Empires series."
203,Metroid Fusion,Action,"['Game Boy Advance', 'Nintendo Switch']",2002-11-18,Nintendo R&D1,Nintendo,"Metroid Fusion is a side-scrolling action-adventure game in which Samus Aran investigates a dangerous parasite outbreak on the research station SR388 after a mission gone wrong. Infected by the X parasite and saved by a Metroid vaccine, Samus must navigate the station, fight mutated creatures, and evade the hostile SA-X, a powerful doppelganger created from her own DNA. The game features exploration, ability-based progression, atmospheric storytelling, and a more guided structure than earlier Metroid titles."
204,Might and Magic VI: The Mandate of Heaven,RPG,['PC'],1998-04-30,New World Computing,3DO,"Might and Magic VI: The Mandate of Heaven is a first-person party-based role-playing game set in the fantasy world of Enroth. Players create and guide a party of four adventurers, exploring a large open world, completing quests, battling monsters in real time, and developing their characters through classes, skills, and spells. The game blends dungeon crawling, city exploration, and outdoor travel with a strong emphasis on freedom and non-linear progression. It is known for its expansive world, classic RPG systems, and connection to the broader Might and Magic series, serving as a direct sequel to Might and Magic V."
205,Master of Orion II: Battle at Antares,RTS,['PC'],1996-02-25,Simtex,MicroProse,"Master of Orion II: Battle at Antares is a classic 4X strategy game set in a science-fiction galaxy where players lead one of many alien civilizations to explore star systems, colonize planets, research technologies, conduct diplomacy, and wage interstellar war. As the sequel to Master of Orion, it expands the original formula with deeper empire management, custom species creation, richer diplomacy, espionage, and tactical ship combat. Players can pursue victory through conquest, population growth, technological superiority, or the Galactic Council. Widely regarded as one of the greatest strategy games ever made, it is known for its depth, replayability, and memorable alien races."
206,Vagrant Story,RPG,['PlayStation'],2000-02-10,Square,Square,"Vagrant Story is an action role-playing game set in the dark fantasy world of Ivalice. Players control Ashley Riot, an elite Riskbreaker investigating a cult conspiracy in the ruined city of Leá Monde. The game is known for its weapon customization, real-time combat with tactical targeting, and deep crafting and affinity systems. It features a mature storyline, atmospheric presentation, and distinctive art direction directed by Yasumi Matsuno and produced by Square for the original PlayStation."
207,Dungeon Keeper,RTS,['PC'],1997-06-26,Bullfrog Productions,Electronic Arts,"Dungeon Keeper is a real-time strategy game with a darkly comic twist, originally released for PC. Players take on the role of an evil overlord building and defending an underground dungeon against invading heroes and rival keepers. Rather than commanding armies in a traditional battlefield, the player digs out rooms, places traps, manages gold and resources, and attracts and controls a variety of demonic creatures, each with distinct behaviors and needs. The game is known for its indirect control system, where creatures act semi-autonomously based on morale, hunger, and room conditions. Its blend of strategy, management, and humor made it highly influential and widely praised for its originality, atmosphere, and distinctive narrator."
208,Tekken 3,Action,"['Arcade', 'PlayStation', 'PlayStation Classic']",1997-03-20,Namco,Namco,"Tekken 3 is a landmark 3D fighting game from Namco and the third main entry in the Tekken series. It introduced a faster, more fluid combat system, improved sidestepping, and a greatly expanded roster that included new fighters such as Jin Kazama, Ling Xiaoyu, Hwoarang, and Eddy Gordo. The game also added deeper movement and combo possibilities, making matches feel more dynamic and responsive than its predecessors. Tekken 3 became one of the most successful arcade and PlayStation fighting games ever released, praised for its polished gameplay, character balance, and memorable presentation."
209,F-Zero GX,Sports,['GameCube'],2003-07-25,Amusement Vision,Nintendo,"F-Zero GX is a high-speed futuristic racing game for the Nintendo GameCube, known for its blistering pace, challenging tracks, and precise handling. Players pilot anti-gravity racing craft through dangerous courses filled with sharp turns, jumps, and hazards while competing against a roster of rival racers. The game features a story mode, Grand Prix races, time attack challenges, and custom machine options. It is widely praised for its smooth performance, intense difficulty, and arcade-style presentation, and is considered one of the most acclaimed entries in the F-Zero series."
210,Resident Evil 2 (1998),Survival,"['PlayStation', 'Nintendo 64', 'Windows PC', 'Dreamcast', 'GameCube']",1998-01-21,Capcom,Capcom,"Resident Evil 2 is a survival horror game set in the zombie-infested Raccoon City, where players control Leon S. Kennedy and Claire Redfield as they search for answers and try to escape the outbreak. The game features tense exploration, limited resources, puzzle solving, and combat against mutated creatures and viral monstrosities. Its dual-scenario structure lets players experience overlapping events from different perspectives, adding replay value and narrative depth. Widely praised for its atmosphere, pacing, and presentation, Resident Evil 2 became one of the most influential and acclaimed entries in the series."
211,Homeworld: Cataclysm,RTS,['PC'],2000-06-01,Barking Dog Studios,Sierra Studios,"Homeworld: Cataclysm is a real-time strategy game set in the Homeworld universe, focused on 3D space combat and fleet management. Players command the Somtaaw mining clan as they uncover and battle a parasitic alien threat called the Beast, which spreads by corrupting ships and technologies. The game expands on the original Homeworld’s fully three-dimensional tactical gameplay, emphasizing resource gathering, ship progression, and adaptation as the infestation evolves. It is known for its atmosphere, storyline, and distinctive fusion of strategy and sci-fi survival themes."
212,Baldur's Gate,RPG,"['PC', 'macOS', 'PlayStation 4', 'Xbox One', 'Nintendo Switch', 'iOS', 'Android']",1998-12-21,BioWare,Interplay Entertainment,"Baldur's Gate is a classic real-time with pause role-playing game set in the Dungeons & Dragons Forgotten Realms universe. Players create a custom hero and lead a party of adventurers across the Sword Coast, exploring towns, wilderness areas, and dangerous dungeons while uncovering a conspiracy tied to the scarcity of iron in the region. The game emphasizes party management, character progression, dialogue choices, and tactical combat based on Advanced Dungeons & Dragons 2nd Edition rules. It became highly influential for modern party-based RPGs and helped define BioWare as a major RPG developer."
213,Worms Armageddon,Action,"['PC', 'PlayStation', 'Dreamcast', 'Game Boy Color', 'N64']",1999-06-17,Team17,Team17,"Worms Armageddon is a turn-based artillery strategy game in which teams of worms battle across 2D destructible landscapes using absurd weapons and gadgets. Players take turns moving, aiming, and firing while managing wind, terrain, and limited resources to outlast rival teams. The game is known for its deep tactical gameplay, humorous presentation, extensive customization, and a huge arsenal that ranges from bazookas and grenades to more outlandish attacks. Its multiplayer and challenge modes made it a long-lasting fan favorite and one of the best-known entries in the Worms series."
214,Outcast,Adventure,['PC'],1999-11-30,Appeal,Infogrames,"Outcast is a third-person action-adventure game set in the alien world of Adelpha. Players control Cutter Slade, a U.S. Navy SEAL sent through a scientific portal to rescue Earth from catastrophe. Stranded on Adelpha, he must explore diverse regions, interact with native inhabitants, complete missions, and help unite the world’s tribes against a tyrannical ruler. The game is known for its open-ended structure, atmospheric orchestral soundtrack, and pioneering voxel-based graphics that gave its environments a distinctive look."
215,Thief II: The Metal Age,Action,['PC'],2000-03-21,Looking Glass Studios,Eidos Interactive,"Thief II: The Metal Age is a stealth-focused first-person action game set in a dark steampunk world. Players again control Garrett, a master thief who relies on shadows, sound, and an arsenal of tools to infiltrate heavily guarded locations, avoid combat, and steal valuable objects. The game expands on the original Thief with larger levels, improved AI, and more emphasis on mission objectives tied to uncovering a conspiracy involving the mechanized Hammerites and the sinister Metal Age. Known for its atmospheric design and demanding stealth gameplay, it is widely regarded as one of the genre’s defining titles."
216,Castlevania: Symphony of the Night,Adventure,"['PlayStation', 'Sega Saturn', 'PlayStation Portable', 'PlayStation 4', 'Xbox One', 'Nintendo Switch', 'PC', 'Mobile']",1997-03-20,Konami,Konami,"Castlevania: Symphony of the Night is a 2D action-adventure game developed and published by Konami. It follows Alucard, the dhampir son of Dracula, as he explores the mysterious inverted castle after the events of Castlevania: Rondo of Blood. The game is renowned for its non-linear exploration, RPG elements, hidden secrets, and atmospheric gothic art and music. Widely considered one of the most influential games ever made, it helped define the Metroidvania genre and became a critical and fan favorite for its deep gameplay and replay value."
217,Myth II: Soulblighter,RTS,"['PC', 'Mac']",1998-12-31,Bungie,GT Interactive,"Myth II: Soulblighter is a real-time tactics game and the sequel to Bungie’s Myth: The Fallen Lords. Set in a dark fantasy world, it focuses on squad-based combat rather than base building or resource gathering. Players command a small army of units across mission-driven campaigns, using positioning, terrain, and line-of-sight to defeat enemy forces. The game continues the struggle against the undead warlord Soulblighter, with a story told through atmospheric missions and lore-rich cutscenes. It is praised for its tactical depth, challenging scenarios, and strong multiplayer support, and it became known for its refined gameplay and modding community."
218,Super Mario World: Super Mario Advance 2,Action,['Game Boy Advance'],2001-12-14,Nintendo,Nintendo,"Super Mario World: Super Mario Advance 2 is a Game Boy Advance remake of the classic Super Nintendo platformer Super Mario World. It follows Mario and Luigi as they travel through Dinosaur Land to rescue Princess Peach from Bowser and his Koopalings. The game features side-scrolling platforming across large interconnected worlds, secret exits, and numerous hidden paths. This version adds updated graphics and sound for the GBA, support for Luigi as a playable character with distinct physics, and the inclusion of Mario Bros. as a bonus game. It is known for preserving the original level design and tight controls while adapting the experience for portable play."
219,GoldenEye 007,Shooter,['Nintendo 64'],1997-08-25,Rare,Nintendo,"GoldenEye 007 is a first-person shooter based on the 1995 James Bond film GoldenEye. Players control James Bond through a series of stealth-focused and action-packed missions across varied locations, using a mix of firearms, gadgets, and mission objectives. Developed by Rare, the game became highly influential for its objective-based single-player campaign and groundbreaking split-screen multiplayer on the Nintendo 64. Its combination of spy-themed levels, varied mission design, and accessible controls helped define console shooters and made it one of the most acclaimed games of its era."
220,The Legend of Zelda: A Link to the Past / Four Swords,Adventure,['Game Boy Advance'],2002-12-14,Nintendo,Nintendo,"The Legend of Zelda: A Link to the Past / Four Swords is a Game Boy Advance re-release that bundles the classic 1991 SNES adventure A Link to the Past with Four Swords, the series' first multiplayer-focused Zelda game. A Link to the Past follows Link as he explores Hyrule and the Dark World to rescue Princess Zelda and defeat Ganon, featuring top-down exploration, dungeon crawling, puzzle solving, and iconic items like the Master Sword and Hookshot. Four Swords adds competitive and cooperative multiplayer for up to four players, requiring teamwork to solve puzzles, defeat enemies, and collect Force Gems while each Link can split into multiple copies. This compilation introduced both games to the handheld audience and remains notable for combining one of the most acclaimed Zelda adventures with a unique multiplayer experiment."
221,Gran Turismo 2,Sports,['PlayStation'],1999-12-11,Polyphony Digital,Sony Computer Entertainment,"Gran Turismo 2 is a racing simulation game focused on realism, car collection, and competitive driving. It features a much larger roster of vehicles and tracks than its predecessor, with a wide range of manufacturers, tuning options, licenses, and race events. Players can progress through Arcade and Gran Turismo modes, earning money to buy, upgrade, and customize cars across various motorsport disciplines. Known for its attention to detail and accessible-yet-deep driving mechanics, Gran Turismo 2 helped define console racing games and became one of the best-selling titles on the original PlayStation."
222,Blood,Shooter,['PC'],1997-06-30,Monolith Productions,GT Interactive,"Blood is a dark, horror-themed first-person shooter released for PC in 1997. Set in a grotesque, supernatural world inspired by pulp horror and occult fiction, it follows undead gunslinger Caleb as he rises from the grave seeking revenge against the cult leader Tchernobog and his followers. The game is known for its intense combat, extensive arsenal of weird and brutal weapons, and its heavily atmospheric, tongue-in-cheek tone. Players battle through labyrinthine levels filled with secret areas, traps, and a variety of grotesque enemies, including cultists, zombies, and other monsters. Blood became notable for its gore effects, dark humor, and challenging level design, and it has remained a cult classic among fans of '90s shooters."
223,Beyond Good & Evil,Adventure,"['PlayStation 2', 'GameCube', 'Xbox', 'PC', 'Mac', 'Nintendo Switch', 'PlayStation 3', 'Xbox 360']",2003-11-11,Ubisoft Montpellier,Ubisoft,"Beyond Good & Evil is an action-adventure game set on the planet Hillys, where an investigative reporter named Jade uncovers a vast alien conspiracy while protecting a resistance movement. Players explore a mix of open environments, solve puzzles, engage in stealth and combat, and use Jade’s camera to document evidence for a rebellion against the DomZ and the corrupt military regime. The game is known for its distinctive art style, memorable characters, orchestral soundtrack by Christophe Héral, and a story that blends sci-fi, humor, and social commentary. Although it was not a major commercial success at launch, it later earned a strong cult following and is widely regarded as a classic of the genre."
224,Original War,RTS,['PC'],2001-04-20,Altar Interactive,Virgin Interactive,"Original War is a real-time strategy game set in an alternate-history Cold War scenario where players command military units, resources, and specialists across a prehistoric battlefield. Instead of building bases in the usual way, the game emphasizes capturing and controlling key locations, managing human characters with distinct skills, and using a unique time-travel premise to influence events. Players can recruit engineers, scientists, and combat units, research technologies, and balance strategic planning with character survival. Its story-driven campaigns and branching factions create a strong focus on tactical decision-making and narrative consequences."
225,Disciples II: Dark Prophecy,RTS,['PC'],2002-04-17,Strategy First,Strategy First,"Disciples II: Dark Prophecy is a dark fantasy turn-based strategy game with role-playing elements and tactical combat. Players lead one of several factions in a war for control of a grim, monster-haunted world, building towns, recruiting armies, and developing heroes with unique skills and spellcasting abilities. The game is known for its gothic atmosphere, detailed artwork, and challenging strategic battles that emphasize positioning, unit upgrades, and careful resource management. As the first campaign in Disciples II, Dark Prophecy introduces the core story and mechanics of the series, combining empire management on the adventure map with intense, compact combat encounters."
226,Unreal,Shooter,"['PC', 'PlayStation 2', 'Dreamcast']",1998-05-22,Epic MegaGames,GT Interactive,"Unreal is a first-person shooter developed by Epic MegaGames and Digital Extremes, originally released in 1998. Set on the alien planet Na Pali, the game follows a prisoner who escapes a crashed transport and must fight through a hostile world dominated by the brutal Skaarj. Known for its advanced graphics for the time, atmospheric environments, and technical showcase use of the Unreal Engine, the game combined fast-paced combat with exploration and a strong science-fiction setting. Unreal helped establish the foundation for one of gaming’s most influential engine technologies and became the start of the long-running Unreal franchise."
227,Golden Sun: The Lost Age,RPG,['Game Boy Advance'],2002-06-28,Camelot Software Planning,Nintendo,"Golden Sun: The Lost Age is a turn-based fantasy role-playing game and the sequel to Golden Sun. Players follow a new party of protagonists, including Felix and Jenna, as they continue the story from the first game and explore the world of Weyard. The game features strategic turn-based battles, elemental Psynergy magic, character classes influenced by collectible Djinn, and elaborate puzzle-solving in dungeons using magical abilities. It is known for its deep combat system, exploration, and the ability to transfer save data from the previous game to affect story details and character progression."
228,Valkyrie Profile 2: Silmeria,RPG,['PlayStation 2'],2006-06-22,tri-Ace,Square Enix,"Valkyrie Profile 2: Silmeria is a Japanese role-playing game set in a Norse-inspired world, serving as a prequel to Valkyrie Profile. The story follows Silmeria, a valkyrie imprisoned in the body of Princess Alicia, as they investigate a looming conflict involving the gods, humans, and the fate of the world. Players explore side-scrolling environments, solve puzzles, and engage in strategic real-time combat that emphasizes positioning, timing, and chaining attacks among party members. The game features a distinctive “C.V.S.” battle system, dungeons filled with platforming challenges, and a deep equipment and skill customization system."
229,Harvest Moon: Back to Nature,RPG,['PlayStation'],1999-09-16,Victor Interactive Software,Natsume,"Harvest Moon: Back to Nature is a farming life simulation RPG for the PlayStation, set in the rustic village of Mineral Town. Players inherit a neglected farm and work to restore it by planting crops, raising livestock, fishing, mining, foraging, and building relationships with the local townspeople. The game emphasizes daily routine, long-term planning, and community life, with changing seasons, festivals, marriage options, and the eventual goal of successfully reviving the farm. It is one of the most beloved entries in the Harvest Moon series and is especially known for its charming atmosphere, deep social systems, and relaxing gameplay."
230,Shin Megami Tensei: Nocturne,RPG,"['PlayStation 2', 'PlayStation 4', 'Nintendo Switch', 'PC']",2003-02-20,Atlus,Atlus,"Shin Megami Tensei: Nocturne is a dungeon-crawling role-playing game set in a post-apocalyptic Tokyo transformed by the mystical event known as the Conception. Players control a silent protagonist who becomes a demi-fiend and must navigate a hostile world shaped by competing philosophies and demonic forces. The game features turn-based combat, demon recruitment and fusion, and a dark, challenging atmosphere centered on choice, alignment, and survival. It originally released in Japan for PlayStation 2 and later received enhanced international versions, including the expanded Maniacs edition and the HD Remaster for modern platforms."
231,Golden Sun,RPG,"['Game Boy Advance', 'Nintendo Switch Online + Expansion Pack']",2001-08-01,Camelot Software Planning,Nintendo,"Golden Sun is a classic turn-based fantasy RPG for the Game Boy Advance. Set in the world of Weyard, it follows a group of young Adepts who must stop the power of Alchemy from being unleashed by the antagonists Saturos and Menardi. The game is known for its blend of traditional party-based combat, exploration, and puzzle solving using magical powers called Psynergy. Players collect Djinn, elemental spirits that can be set to characters to alter their stats, abilities, and summons. Golden Sun was praised for its detailed sprite graphics, soundtrack, and clever dungeon design, and it became one of the most acclaimed role-playing games on the GBA."
232,Age of Empires II: Gold Edition,RTS,['PC'],2001-10-24,Ensemble Studios,Microsoft Game Studios,"Age of Empires II: Gold Edition is a real-time strategy compilation for PC that bundles Age of Empires II: The Age of Kings with its expansion, The Conquerors. Players build civilizations from the Middle Ages, gather resources, advance through ages, and wage war using infantry, cavalry, archers, siege weapons, and naval forces. The Gold Edition adds new campaigns, civilizations, units, and gameplay refinements from The Conquerors expansion, making it a definitive early version of the classic strategy experience."
233,Command & Conquer: Red Alert 2,RTS,['PC'],2000-10-23,Westwood Studios,Electronic Arts,"Command & Conquer: Red Alert 2 is a real-time strategy game set in an alternate-history Cold War where the Soviet Union and the Allied nations wage global war. Players gather resources, build bases, produce units, and command armies across fast-paced single-player campaigns and skirmish battles. The game is known for its distinct faction design, memorable live-action cutscenes, and over-the-top unit abilities such as psychic powers, giant war machines, and naval assaults. It also introduced the expansion Yuri's Revenge, which added a third faction and new campaign content. Red Alert 2 is widely regarded as one of the most popular and influential RTS titles of its era."
234,Stronghold,RTS,['PC'],2001-07-19,Firefly Studios,Take-Two Interactive,"Stronghold is a real-time strategy and castle simulation game set in medieval England. Players build and manage a fortress, balance food, tax, housing, and popularity, and command armies in siege warfare against rival lords. The game combines city-building and economic management with tactical combat, emphasizing defense, supply chains, and fortification design. It became known for its distinctive focus on castle construction and historical medieval atmosphere."
235,The Ultimate DOOM,Shooter,"['PC', 'DOS']",1995-04-30,id Software,id Software,"The Ultimate DOOM is an expanded edition of the original DOOM, featuring all three episodes from the 1993 game plus a brand-new fourth episode, Thy Flesh Consumed. Players battle through demonic hordes across fast-paced first-person shooter levels while collecting weapons, health, and ammo, using classic guns like the shotgun, chaingun, rocket launcher, and the powerful BFG 9000. The game is known for its intense action, maze-like level design, multiplayer deathmatch support, and defining influence on the FPS genre. It was released as a retail update to the original DOOM and remains one of the most iconic and influential shooters ever made."
236,Max Payne 2: The Fall of Max Payne,Shooter,"['PC', 'PlayStation 2', 'Xbox']",2003-10-14,Remedy Entertainment,Rockstar Games,"Max Payne 2: The Fall of Max Payne is a cinematic third-person shooter following ex-cop Max Payne as he becomes entangled in a dark noir mystery in New York City. Blending bullet-time gunplay, dramatic storytelling, and comic-panel cutscenes, the game continues Max’s story as he reunites with Mona Sax while uncovering a conspiracy involving corruption, betrayal, and revenge. The game is known for its tight shooting mechanics, atmospheric presentation, and emotionally driven narrative."
237,Stronghold: Crusader,RTS,['PC'],2002-07-31,Firefly Studios,Take-Two Interactive,"Stronghold: Crusader is a real-time strategy and castle-simulation game set during the medieval Crusades. Players build and manage desert fortresses, gather resources, train armies, and defend against or attack enemy strongholds. It expands on the original Stronghold by focusing on Middle Eastern warfare, introducing new units, siege equipment, and AI lords with distinct tactics. The game includes a large single-player campaign, historical skirmish missions, and the popular Crusader Trail challenge mode, emphasizing resource management, fortification design, and large-scale sieges."
238,Quake II,Shooter,"['PC', 'PlayStation', 'Nintendo 64', 'Dreamcast', 'Mac']",1997-12-09,id Software,GT Interactive,"Quake II is a first-person shooter set in a dark sci-fi war against the Strogg, a hostile cybernetic alien race. Unlike its predecessor, it features a more cohesive single-player campaign with mission-based objectives, as well as fast-paced multiplayer deathmatch gameplay. Players battle through industrial bases, military installations, and alien environments using a arsenal of weapons such as the blaster, shotgun, railgun, and hyperblaster. Known for its atmospheric level design, strong performance, and influential multiplayer, Quake II became one of the defining shooters of the late 1990s and helped establish id Software’s reputation for technical and gameplay innovation."
239,Jak and Daxter: The Precursor Legacy,Adventure,['PlayStation 2'],2001-12-03,Naughty Dog,Sony Computer Entertainment,"Jak and Daxter: The Precursor Legacy is a 3D platforming adventure set on the colorful island world of Misty Island, Geyser Rock, and other interconnected locations. Players control Jak as he and his wisecracking companion Daxter explore environments, collect Precursor Orbs and Power Cells, and uncover the secrets of a vanished ancient civilization called the Precursors. The game blends exploration, platforming, light combat, and puzzle-solving, with a focus on open-ended progression through multiple regions. It is the first entry in the Jak and Daxter series and is known for its bright art style, smooth controls, and seamless world design."
240,Space Rangers,RPG,['PC'],2002-10-01,Elemental Games,1C Company,"Space Rangers is a hybrid open-world space adventure that blends RPG, strategy, trading, combat, and text-based quest elements. Set in a dynamic galaxy overrun by hostile robots known as the Dominators, players choose among multiple careers such as trader, pirate, military pilot, or bounty hunter. The game features free-form exploration, turn-based tactical ground missions, real-time space combat, and a living economy shaped by faction wars and changing events. Its nonlinear structure and high replayability made it a cult classic among PC strategy-RPG fans."
241,Firewall Zero Hour,Shooter,"['PlayStation 4', 'PlayStation VR']",2018-08-28,First Contact Entertainment,Sony Interactive Entertainment,"Firewall Zero Hour is a tactical first-person shooter designed for PlayStation VR. Two teams of mercenaries face off in objective-based multiplayer matches, where one team attacks to hack a laptop while the other defends and tries to eliminate the opposition. The game emphasizes communication, teamwork, and careful planning, with VR immersion enhancing the tension of close-quarters combat. Players can choose from a roster of contractors, each with unique abilities and loadouts, and progress by completing contracts to unlock new gear and customization options. Built around strategic positioning and coordinated assaults rather than fast arcade shooting, Firewall Zero Hour became one of the most notable competitive VR shooters on PS4."
242,Darkarta: A Broken Heart's Quest,Adventure,"['PC', 'Mobile']",2017-10-05,FIVE-BN Games,FIVE-BN Games,"Darkarta: A Broken Heart's Quest is a hidden-object adventure game set in a mystical world inspired by ancient myths and legends. Players follow Mary as she searches for her missing daughter, uncovering the dark secrets of the island of Darkarta and confronting a powerful evil force. The game combines story-driven exploration, puzzle solving, hidden-object scenes, and mini-games as the player travels through richly illustrated locations and pieces together the truth behind the disappearance. It is known for its atmospheric presentation, emotional storyline, and classic casual adventure gameplay."
243,Final Fantasy VII Rebirth,RPG,['PlayStation 5'],2024-02-29,Square Enix,Square Enix,"Final Fantasy VII Rebirth is the second entry in Square Enix’s remake project of Final Fantasy VII. It follows Cloud Strife and his allies as they leave Midgar and journey across the wider world in pursuit of Sephiroth. The game expands the original story with new locations, side quests, combat mechanics, and character interactions while blending real-time action with strategic command-based abilities. It features a large open-world structure, a party system with multiple playable characters, and a cinematic presentation that continues the reimagined narrative of the classic RPG."
244,The Great Ace Attorney Chronicles,Adventure,"['PC', 'PlayStation 4', 'Nintendo Switch']",2021-07-27,Capcom,Capcom,"The Great Ace Attorney Chronicles is a compilation of two legal adventure games, The Great Ace Attorney: Adventures and The Great Ace Attorney 2: Resolve. Set in late 19th-century Japan and Victorian-era London, it follows Ryunosuke Naruhodo, an ancestor of Phoenix Wright, as he studies law, teams up with detective Herlock Sholmes, and defends clients in courtroom battles filled with investigation, puzzles, and dramatic twists. The collection features updated visuals, English localization, and quality-of-life improvements."
245,Kirby and the Forgotten Land,Adventure,['Nintendo Switch'],2022-03-25,HAL Laboratory,Nintendo,"Kirby and the Forgotten Land is a 3D platform-adventure game starring Kirby, who explores a mysterious post-apocalyptic world filled with abandoned cities, ruins, and strange wildlife. Players can inhale enemies, copy their abilities, and use new forms of movement and combat to navigate open-ended stages. The game introduces the Mouthful Mode mechanic, which lets Kirby wrap around large objects such as cars, vending machines, and traffic cones to solve puzzles and access hidden areas. It also includes co-op play with Bandana Waddle Dee and a variety of boss battles, collectibles, and upgradeable copy abilities. Combining classic Kirby charm with modern 3D level design, the game emphasizes exploration, light combat, and creative platforming."
246,Hi-Fi Rush,Action,"['PC', 'Xbox Series X|S', 'PlayStation 5']",2023-01-25,Tango Gameworks,Bethesda Softworks,"Hi-Fi Rush is a rhythm-action game where every move, attack, and combo syncs to the beat of the music. Players control Chai, an aspiring rockstar with a faulty robotic arm, who gains the power to fight in time with the soundtrack after a corporate experiment fuses music into his world. Set in a colorful, cel-shaded sci-fi facility, the game blends fast-paced combat, platforming, and stylish boss battles with a strong emphasis on timing and musical flow. Its mix of accessible action and rhythm-based mechanics, along with energetic presentation and humor, made it a standout release."
247,Pizza Tower,Action,"['PC', 'Nintendo Switch']",2023-01-26,Tour De Pizza,Tour De Pizza,"Pizza Tower is a fast-paced 2D action platformer inspired by classic Wario Land games. Players control Peppino Spaghetti, a highly anxious but surprisingly capable pizza chef, as he races through surreal, hand-drawn levels inside a bizarre tower to recover his restaurant’s reputation and stop the tower’s plans. The game emphasizes momentum, exploration, combo-driven scoring, and frantic movement, rewarding players for smashing through enemies, chaining abilities, and clearing stages quickly. Its cartoon-like animation, expressive character work, and energetic soundtrack give it a distinct personality, while secrets, ranked stage endings, and time attacks add replay value for players seeking high scores and mastery."
248,Metroid Prime Remastered,Adventure,['Nintendo Switch'],2023-02-08,Retro Studios,Nintendo,"Metroid Prime Remastered is an enhanced version of the original 2002 first-person adventure game Metroid Prime. Players control Samus Aran as she explores the alien planet Tallon IV, scanning environments, battling hostile creatures, uncovering lore, and gradually gaining new abilities to access previously unreachable areas. The remaster features updated visuals, improved lighting, refined controls with modern dual-stick support, and quality-of-life updates while preserving the original atmosphere, exploration-driven gameplay, and puzzle-solving design that made the game a classic."
249,Super Smash Bros. for Nintendo 3DS / Wii U,Action,"['Nintendo 3DS', 'Wii U']",2014-09-13,Sora Ltd.,Nintendo,"Super Smash Bros. for Nintendo 3DS / Wii U is a crossover fighting game that brings together characters, stages, and music from across Nintendo’s history and several third-party series. Players battle in fast-paced arena fights using attacks, special moves, items, and stage hazards, with the goal of knocking opponents off the stage rather than reducing a health bar. The game features a large roster including Mario, Link, Pikachu, Kirby, and newcomers such as Mega Man, Villager, and the Wii Fit Trainer. The 3DS version includes exclusive stages and modes, while the Wii U version offers enhanced visuals, a larger stage selection, and multiplayer options for up to eight players. Both versions support local and online play, trophies/collectibles, and extensive customization of fighters and equipment."
250,To the Moon,Adventure,"['PC', 'Mac', 'Linux', 'iOS', 'Android', 'Nintendo Switch']",2011-11-01,Freebird Games,Freebird Games,"To the Moon is a story-driven adventure game about two doctors who use a technology to enter a dying man's memories and alter his past so he can fulfill his final wish: to go to the moon. The game focuses on exploration, dialogue, and narrative choices rather than combat or puzzles, and is known for its emotional storytelling, memorable music, and pixel-art presentation."
251,Red Dead Redemption: Game of the Year Edition,Action,"['PlayStation 3', 'Xbox 360']",2011-10-11,Rockstar San Diego,Rockstar Games,"Red Dead Redemption: Game of the Year Edition is the definitive release of Rockstar’s open-world Western action game, bundling the original Red Dead Redemption with its major downloadable content. Set in the dying days of the American frontier, the game follows former outlaw John Marston as he is forced by federal agents to hunt down members of his old gang in exchange for his family’s safety. Players explore a vast world on horseback, engage in gunfights, hunt wildlife, take on side activities, and experience a story driven by themes of loyalty, violence, and the end of the Old West. The Game of the Year Edition includes the single-player Undead Nightmare expansion and additional bonus content, offering more missions, weapons, challenges, and multiplayer content in one package."
252,God of War: Origins Collection,Action,['PlayStation 3'],2011-09-13,Ready at Dawn,Sony Computer Entertainment,"God of War: Origins Collection is a PlayStation 3 compilation of the two PlayStation Portable God of War titles, God of War: Chains of Olympus and God of War: Ghost of Sparta. The collection features remastered high-definition visuals, anti-aliasing, trophy support, and improved performance for home consoles. Players follow Kratos through prequel stories set before the original God of War, battling mythological creatures, solving environmental puzzles, and using the franchise’s signature combo-based combat and brutal finishers. Developed by Ready at Dawn and published by Sony Computer Entertainment, the collection brought the PSP entries to a wider audience with enhanced presentation and a polished console experience."
253,Pikmin 3,Adventure,"['Wii U', 'Nintendo Switch']",2013-07-13,Nintendo EAD,Nintendo,"Pikmin 3 is a real-time strategy adventure game in which players control three explorers stranded on the planet PNF-404 and command small plant-like creatures called Pikmin to solve puzzles, gather fruit, and battle hostile wildlife. Each Pikmin type has unique abilities, such as red Pikmin resisting fire, yellow Pikmin handling electricity, and blue Pikmin surviving in water, which players must use strategically to navigate environments and complete objectives. The game emphasizes exploration, multitasking, and resource management as players split tasks between characters and direct squads of Pikmin to overcome environmental hazards. Originally released for the Wii U, it received an enhanced Nintendo Switch version, Pikmin 3 Deluxe, with additional features and content."
254,P.T.,Adventure,['PlayStation 4'],2014-08-12,Kojima Productions,Sony Computer Entertainment,"P.T. (short for ""playable teaser"") is a first-person psychological horror demo released for the PlayStation 4. Designed as a mysterious teaser for the cancelled Silent Hills project, it places the player in a looping, dimly lit suburban hallway filled with unsettling supernatural events, cryptic puzzles, and escalating tension. The experience became famous for its atmospheric terror, clever design, and hidden clues, as well as for the collaboration between Hideo Kojima and filmmaker Guillermo del Toro. Although the full game was never completed, P.T. has remained highly influential and is widely regarded as one of the most memorable horror experiences in gaming."
255,Yakuza 0,Action,"['PlayStation 4', 'PlayStation 3', 'PC', 'Xbox One', 'Xbox Series X/S']",2015-03-12,Ryu Ga Gotoku Studio,Sega,"Yakuza 0 is an action-adventure game and a prequel to the Yakuza series, set in the late 1980s during Japan's bubble era. Players follow two protagonists, Kazuma Kiryu and Goro Majima, as they become entangled in a violent struggle over a small but highly valuable plot of land known as the Empty Lot in Kamurocho. The game blends dramatic crime drama storytelling with brawler combat, side activities, karaoke, mini-games, and exploration of the vibrant city districts of Kamurocho and Sotenbori. It is widely praised for its writing, characters, and polished combat system."
256,Sonic 3 & Knuckles,Action,"['Sega Genesis', 'Mega Drive']",1994-10-18,Sonic Team,Sega,"Sonic 3 & Knuckles is a side-scrolling platformer that combines Sonic the Hedgehog 3 and Sonic & Knuckles into a single, seamless adventure using Sega’s lock-on technology. Players control Sonic and/or Knuckles as they race through large, colorful stages, battle Dr. Robotnik’s machines, and collect Chaos Emeralds. Each character has unique abilities: Sonic can use elemental shields and fast movement, while Knuckles can glide and climb walls to access alternate routes and hidden areas. The game is known for its expansive level design, multi-path stages, and polished physics, and it is widely regarded as one of the best entries in the Sonic series."
257,Super Mario 3D World,Adventure,"['Wii U', 'Nintendo Switch']",2013-11-21,Nintendo EAD Tokyo,Nintendo,"Super Mario 3D World is a 3D platforming adventure in which Mario, Luigi, Princess Peach, and Toad travel through the Sprixie Kingdom to rescue the Sprixie Princesses from Bowser. The game blends traditional Mario-style platforming with cooperative multiplayer for up to four players, offering inventive level design, power-ups like the Super Bell, and character-specific abilities. Originally released for Wii U, it was later enhanced and re-released on Nintendo Switch as Super Mario 3D World + Bowser’s Fury, adding improved online play and the bonus open-world Bowser’s Fury mode."
258,The Wolf Among Us: Episode 1 - Faith,Adventure,"['PC', 'PlayStation 3', 'PlayStation 4', 'Xbox 360', 'Xbox One', 'iOS', 'Android']",2013-10-11,Telltale Games,Telltale Games,"The first episode of The Wolf Among Us, based on Bill Willingham’s Fables comic series, introduces players to Bigby Wolf, the sheriff of Fabletown. Set in a dark, noir-style version of New York City, the game follows Bigby as he investigates a brutal murder that quickly spirals into a larger mystery involving the hidden lives of fairy-tale characters living among humans. Like other Telltale adventure games, it emphasizes story, dialogue choices, quick-time events, and branching decisions that affect how characters respond to Bigby throughout the series. Episode 1, Faith, establishes the game’s gritty tone, distinctive art style, and central cast while setting up the moral dilemmas and tension that drive the narrative forward."
259,Danganronpa 2: Goodbye Despair,Adventure,"['PlayStation Portable', 'PlayStation Vita', 'PC', 'PlayStation 4', 'iOS', 'Android', 'Nintendo Switch']",2012-07-26,Spike Chunsoft,Spike Chunsoft,"Danganronpa 2: Goodbye Despair is a visual novel adventure game and the sequel to Danganronpa: Trigger Happy Havoc. It follows a new group of elite students, the ""Ultimate"" students, who find themselves trapped on the tropical Jabberwock Island and forced into a deadly killing game by the mysterious Monokuma. Players investigate murders, gather clues, and participate in high-stakes class trials where contradictions are exposed through logic, reaction-based debates, and minigames. The story mixes suspense, dark comedy, and psychological twists, with multiple character-driven trials and an overarching mystery about the island and the participants' pasts."
260,RimWorld,Survival,"['PC', 'macOS', 'Linux', 'Console']",2013-11-04,Ludeon Studios,Ludeon Studios,"RimWorld is a sci-fi colony simulation and survival game where players manage a group of crash-landed survivors on a hostile alien planet. Designed around emergent storytelling, the game uses a powerful AI storyteller system to generate events, threats, and opportunities that shape each playthrough differently. Players build shelters, gather resources, research technologies, manage colonists' needs and relationships, and defend against raids, disease, weather, and environmental hazards. The game is known for its deep simulation, mod support, and unpredictable scenarios that can lead to dramatic, often humorous stories."
261,Muv-Luv Alternative,Adventure,"['PC', 'PlayStation 2', 'PlayStation Vita']",2006-02-24,âge,âge,"Muv-Luv Alternative is a Japanese visual novel and the direct sequel to Muv-Luv. It continues the story of Takeru Shirogane as he is thrust back into a devastating alternate-world conflict against the alien BETA. Blending military science fiction, drama, and romance, the game is known for its intense narrative, large-scale battles, and emotional character arcs. It is widely regarded as one of the most acclaimed visual novels ever made, and its influence helped shape the popularity of the genre beyond Japan."
262,Therian Saga,RPG,['PC'],2015-12-17,Virtys,Virtys,"Therian Saga is a massively multiplayer online role-playing game set in a persistent fantasy world where players focus on exploration, crafting, trading, and long-term character development rather than traditional combat-heavy progression. Players build their reputation through professions, resource gathering, and economic activity, working cooperatively or competitively in a sandbox-style environment. The game features a classless progression system, a vast world to explore, and a player-driven economy centered on crafting and market exchange. Its design emphasizes strategic planning, specialization, and social interaction, with many activities unfolding over extended real-time periods."
263,Portal: Still Alive,Adventure,['Xbox 360'],2008-10-22,Valve,Valve,"Portal: Still Alive is an expanded version of Valve’s award-winning puzzle-adventure game Portal, released for Xbox 360 via Xbox Live Arcade. It includes the full original Portal campaign set in Aperture Science, where players use the handheld portal device to solve physics-based puzzles, navigate hazardous test chambers, and outsmart the AI GLaDOS. Still Alive adds 14 bonus challenge maps inspired by earlier PC map pack content, increasing replay value and emphasizing precision, speed, and creative portal use. The game is known for its dark humor, minimalist storytelling, iconic level design, and memorable antagonist. While it retains the core gameplay of Portal, this edition is specifically notable for bringing the experience to consoles with the bonus content packaged in one release."
264,Batman: Arkham City,Action,"['PC', 'PlayStation 3', 'Xbox 360', 'Wii U', 'Mac OS X', 'PlayStation 4', 'Xbox One', 'Nintendo Switch']",2011-10-18,Rocksteady Studios,Warner Bros. Interactive Entertainment,"Batman: Arkham City is an action-adventure game set in a massive open-world prison district in Gotham City. Players take control of Batman as he investigates a sinister plot involving Arkham City, a walled-off area where Gotham’s most dangerous criminals are confined. The game blends stealth, free-flow combat, detective work, and gadget-based exploration, with Batman facing iconic villains such as the Joker, Two-Face, Penguin, and Hugo Strange. It is widely praised for its atmosphere, story, combat system, and faithful portrayal of the Dark Knight."
265,Space Rangers,RPG,['PC'],2002-11-01,Elemental Games,1C Company,"Space Rangers is a genre-blending sci-fi RPG with strategy, trading, and open-ended exploration set in a vast galaxy overrun by hostile alien forces. Players take on the role of a member of the Coalition, choosing their own path as a merchant, bounty hunter, pirate, explorer, or military officer. The game mixes turn-based space combat, text adventures, planetary missions, and dynamic economic simulation, allowing for highly varied playthroughs. Its freeform structure, humor, and emergent gameplay helped it become a cult classic among PC strategy and RPG fans."
266,Metroid Prime 2: Echoes,Adventure,"['GameCube', 'Nintendo Wii']",2004-11-15,Retro Studios,Nintendo,"Metroid Prime 2: Echoes is a first-person action-adventure game and the sequel to Metroid Prime. Players control Samus Aran as she explores the planet Aether, which has been split into the bright Light World and the dangerous Dark World. Using the series’ signature mix of exploration, combat, puzzle-solving, and ability-based progression, Samus must uncover the mystery behind the planet’s corruption while battling hostile creatures and the Ing Empire. The game is known for its atmospheric environments, challenging combat, and the Dark Aether mechanic, which continuously damages Samus unless she finds safe zones or upgrades. It expands on the Prime formula with new weapons, beams, visors, and multiplayer deathmatch mode."
267,Space Rangers 2: Reboot,RPG,['PC'],2004-10-01,Elemental Games,1C Company,"Space Rangers 2: Reboot is a hybrid sci-fi RPG/strategy game set in a living galaxy threatened by the hostile Dominators. Players take on the role of a space ranger, freely choosing how to progress through trading, combat, exploration, piracy, diplomacy, or bounty hunting. The game combines real-time tactical space battles, text adventures, planet-side missions, and turn-based strategy elements in a dynamic open universe where factions, economies, and events evolve independently of the player. It is known for its humorous writing, large amount of content, and high replayability. 'Reboot' refers to the enhanced, remastered edition released with improved compatibility, updated content, and refinements over the original Space Rangers 2."
268,Ratchet & Clank: Going Commando,Action,['PlayStation 2'],2003-10-28,Insomniac Games,Sony Computer Entertainment,"Ratchet & Clank: Going Commando is a third-person action-platformer and the second main entry in the Ratchet & Clank series. Players control Ratchet, with his robotic companion Clank, as they travel across multiple planets, battle enemies with an inventive arsenal of upgradeable weapons and gadgets, and complete missions involving combat, platforming, puzzles, and light exploration. The game expands on the original with deeper weapon progression, arena challenges, hoverboard races, and RPG-like customization elements. Set in a colorful sci-fi universe, it follows Ratchet’s adventure after he is hired by the Megacorp corporation, only to become involved in a larger conspiracy. The game is known for its fast-paced combat, humor, polished presentation, and extensive use of unique weapons."
269,Knights of Honor,RTS,['PC'],2004-09-29,Black Sea Studios,Sunflowers Interactive Entertainment,"Knights of Honor is a real-time strategy game with strong grand-strategy elements, set in medieval Europe, the Middle East, and North Africa. Players take control of one of many kingdoms and guide it through diplomacy, warfare, economics, religion, and dynastic politics. The game blends army management with kingdom-level decisions, allowing players to appoint knights as marshals, spymasters, priests, merchants, and diplomats to influence their realm. Battles are fought in real time, while territorial control and expansion are managed on a strategic map. Its focus on accessible empire-building and historical flavor made it a distinctive entry in the genre."
270,God Hand,Action,['PlayStation 2'],2006-09-14,Clover Studio,Capcom,"God Hand is a third-person beat 'em up and action game developed by Clover Studio and published by Capcom for the PlayStation 2. Players control Gene, a martial artist who acquires the legendary God Hand, a powerful divine arm, and must battle through a bizarre, over-the-top world filled with gangs, demons, and eccentric bosses. The game is known for its humorous tone, exaggerated difficulty, customizable combat moves, and dynamic enemy AI that adapts to the player's skill level. Its combat system lets players chain punches, kicks, and special techniques into stylish combos while managing a unique risk-reward mechanic centered on Gene's special abilities. God Hand became a cult classic for its challenging gameplay, distinctive art style, and self-aware comedy."
271,Space Rangers 2: Rise of the Dominators,RPG,['PC'],2004-12-10,Elemental Games,1C Company,"Space Rangers 2: Rise of the Dominators is a genre-blending sci-fi RPG set in a living galaxy filled with trade, exploration, combat, and emergent events. Players take on the role of a Space Ranger, choosing from multiple career paths such as trader, pirate, bounty hunter, or warrior while battling the Dominators, a machine race threatening the galaxy. The game combines turn-based planetary exploration, real-time space combat, text adventures, strategy-style missions, and open-ended sandbox progression. Its strong emphasis on freedom, randomized events, and quirky humor made it a cult favorite among PC players."
272,Sly 3: Honor Among Thieves,Adventure,['PlayStation 2'],2005-09-26,Sucker Punch Productions,Sony Computer Entertainment,"Sly 3: Honor Among Thieves is a stealth-action platformer and the third entry in the Sly Cooper series. The game follows master thief Sly Cooper, his partner Bentley, and brawler Murray as they assemble a team to break into the heavily fortified Cooper Vault. To succeed, they travel the world recruiting specialists and pulling off elaborate heists across varied locations. Gameplay mixes stealth, platforming, combat, and vehicle-based missions, with each character offering different abilities and play styles. The game also expands on the series with cooperative-style team planning, new playable characters, and a larger focus on cinematic presentation and mission variety. It is known for its stylish cel-shaded visuals, humor, and colorful cast of characters."
273,Bully,Action,"['PlayStation 2', 'Windows', 'macOS', 'iOS', 'Android', 'Xbox 360', 'Xbox One', 'PlayStation 3', 'PlayStation 4']",2006-10-17,Rockstar Vancouver,Rockstar Games,"Bully is an open-world action-adventure game set at the fictional Bullworth Academy, a troubled boarding school in New England. Players control Jimmy Hopkins, a rebellious teen navigating school life, social cliques, pranks, classes, and rivalries while trying to stop bullying and rise through the school's hierarchy. The game mixes exploration, melee combat, stealth, mini-games, and side missions with a satirical story about adolescence and authority. Originally released on PlayStation 2, it later appeared in an enhanced Scholarship Edition for other platforms."
274,The World Ends with You,RPG,"['Nintendo DS', 'iOS', 'Android', 'Nintendo Switch', 'PC']",2007-07-26,Square Enix,Square Enix,"The World Ends with You is an action role-playing game set in modern-day Shibuya, Tokyo. Players follow Neku Sakuraba, a reclusive teenager forced into the mysterious Reapers' Game, a seven-day survival challenge where he teams up with different partners to battle supernatural enemies called Noise. The game is known for its distinctive art style, urban fashion-inspired aesthetic, and fast-paced, touch-based combat that originally used both Nintendo DS screens simultaneously. It blends exploration, character-driven storytelling, and a soundtrack that mixes pop, rock, and electronic music. The story explores themes of isolation, connection, and personal growth as Neku uncovers the truth behind the game and the people around him."
275,Vampire: The Masquerade - Bloodlines,RPG,['PC'],2004-11-16,Troika Games,Activision,"A cult-classic action RPG set in White Wolf’s World of Darkness, Vampire: The Masquerade - Bloodlines lets players create a vampire and navigate a modern-night Los Angeles filled with politics, horror, and supernatural intrigue. The game features multiple clans, each with distinct abilities and playstyles, and emphasizes dialogue, stealth, combat, and choice-driven quests. Players balance feeding on humans, managing their Masquerade status, and aligning with powerful factions while uncovering a dark conspiracy. Despite a troubled launch, it became widely praised for its writing, atmosphere, and role-playing depth."
276,WWE SmackDown! Here Comes the Pain,Sports,['PlayStation 2'],2003-10-27,Yuke's,THQ,"WWE SmackDown! Here Comes the Pain is a professional wrestling video game featuring WWE Superstars from the early 2000s era. It offers a large roster, fast-paced arcade-style wrestling, and a variety of match types including singles, tag team, hardcore, cage, and elimination matches. The game is especially known for its improved grappling system, backstage brawls, season mode, and deep customization options. Players can create wrestlers, compete for championships, and experience career progression in a full season mode with story elements and branching paths. Widely regarded as one of the best wrestling games of its generation, it is remembered for its polished gameplay, strong roster, and high replay value."
277,The Lord of the Rings: The Battle for Middle-Earth II - The Rise of the Witch-King,RTS,['PC'],2006-11-28,EA Los Angeles,Electronic Arts,"The Lord of the Rings: The Battle for Middle-Earth II - The Rise of the Witch-king is an expansion to the real-time strategy game The Battle for Middle-earth II, set in J.R.R. Tolkien's Middle-earth. It adds a new Evil faction, Angmar, led by the Witch-king of Angmar, along with a new campaign focused on the rise and conquests of this dark realm in the North. The expansion introduces new units, heroes, maps, and multiplayer features, and expands the strategic depth of the base game with new abilities and faction-specific mechanics."
278,NieR: Automata - Game of the YoRHa Edition,RPG,"['PC', 'PlayStation 4', 'Xbox One', 'Nintendo Switch']",2019-02-26,PlatinumGames,Square Enix,"NieR: Automata - Game of the YoRHa Edition is a complete edition of the acclaimed action RPG NieR: Automata, developed by PlatinumGames and produced by Square Enix. Set in a post-apocalyptic future where alien machines have driven humanity to the moon, players control YoRHa android combat units 2B, 9S, and A2 as they fight to reclaim Earth. The game blends fast-paced hack-and-slash combat, bullet-hell shooter elements, and multiple narrative routes that reveal different perspectives and endings. This edition includes the base game along with bonus DLC content and cosmetic items, offering the full experience in one package."
279,Persona 5 Royal,RPG,"['PlayStation 4', 'PlayStation 5', 'Nintendo Switch', 'Xbox One', 'Xbox Series X/S', 'PC']",2019-10-31,Atlus,Atlus,"Persona 5 Royal is an expanded version of the acclaimed turn-based JRPG Persona 5. Players step into the role of a transfer student in Tokyo who leads the Phantom Thieves, a group that explores supernatural palaces to change the hearts of corrupt adults. Royal adds a new semester, additional story content, new characters, improved combat mechanics, quality-of-life upgrades, and more activities to deepen social and dungeon-crawling gameplay. Combining stylish presentation, life simulation, and strategic battles, it is widely regarded as one of the definitive editions of the Persona series."
280,NieR: Automata - Become as Gods Edition,Action,"['Xbox One', 'PC']",2018-06-26,PlatinumGames,Square Enix,"NieR: Automata - Become as Gods Edition is an action RPG set in a post-apocalyptic future where humanity has been driven from Earth by alien machines. Players control YoRHa androids 2B, 9S, and A2 as they battle machine lifeforms in a fast-paced combat system combining melee, ranged attacks, and bullet-hell elements. This edition includes the base game along with DLC content, bonus items, and Xbox One enhancements such as 4K support on compatible hardware. The game is known for its multiple story routes, emotional narrative, stylish combat, and distinctive soundtrack."
281,Satisfactory,Adventure,['PC'],2019-03-19,Coffee Stain Studios,Coffee Stain Publishing,"Satisfactory is a first-person open-world factory-building and automation game set on an alien planet. Players explore the landscape, gather resources, and construct increasingly complex production lines, conveyor systems, vehicles, and power networks to support large-scale industrial expansion. The game emphasizes engineering, logistics, and optimization, allowing players to design sprawling factories while balancing resource extraction, production efficiency, and environmental challenges. It supports both solo play and cooperative multiplayer."
282,Muv-Luv Alternative,Adventure,"['PC', 'PlayStation Vita', 'PlayStation 3', 'PlayStation 4', 'Nintendo Switch']",2006-04-26,âge,âge,"Muv-Luv Alternative is a visual novel and the direct sequel to Muv-Luv Unlimited. Set in an alternate Earth where humanity is fighting a desperate war against alien invaders known as BETA, the story follows protagonist Takeru Shirogane as he relives events and works with military and political allies to change the course of the conflict. Known for its dramatic storytelling, large-scale mecha battles, emotional character arcs, and extensive worldbuilding, it is widely regarded as one of the most influential visual novels ever made."
283,RimWorld,Survival,"['PC', 'Mac', 'Linux', 'Console']",2018-10-17,Ludeon Studios,Ludeon Studios,"RimWorld is a sci-fi colony simulation and survival game driven by an AI storyteller. Players manage a group of crash-landed survivors on a distant rim-world, building a base, gathering resources, researching technology, and handling food, weather, disease, raiders, and internal morale. The game is known for emergent storytelling, where events and character interactions create unpredictable situations ranging from tragic disasters to bizarre and memorable successes. With deep management systems, mod support, and multiple expansion packs, RimWorld emphasizes strategic planning, adaptability, and long-term colony survival."
284,Therian Saga,RPG,"['PC', 'Browser']",2013-11-13,Virtys,Virtys,"Therian Saga is a browser-based fantasy massively multiplayer online role-playing game focused on exploration, crafting, and character progression through professions rather than traditional combat. Set in the world of Therian, players create adventurers and develop skills by gathering resources, producing equipment, completing tasks, and traveling across a large open world. The game emphasizes a deep economic system, cooperative play, and strategic management of time and resources. Combat exists, but the core experience centers on building a character through non-linear advancement and interacting with the player-driven marketplace."
285,Kirby and the Forgotten Land,Adventure,['Nintendo Switch'],2022-03-25,HAL Laboratory,Nintendo,"Kirby and the Forgotten Land is a 3D platform-adventure game in which Kirby explores a mysterious post-apocalyptic world filled with abandoned cities, ruins, and strange wildlife. Players can inhale enemies and objects, copy their abilities, and use them to battle through varied stages while searching for the kidnapped Waddle Dees. The game introduces new mechanics such as Mouthful Mode, allowing Kirby to transform around large objects like cars and vending machines, adding creative traversal and puzzle-solving. It also features cooperative play with Bandana Waddle Dee and a range of upgradeable copy abilities, boss battles, and optional challenges."
286,Shin Megami Tensei: Persona 3 FES,RPG,['PlayStation 2'],2007-04-19,Atlus,Atlus,"Shin Megami Tensei: Persona 3 FES is an expanded version of Persona 3 for the PlayStation 2. It adds new content to the original game, including an enhanced epilogue chapter called 'The Answer,' additional cutscenes, and gameplay refinements. Players balance daily school life, social relationships, and dungeon crawling in Tartarus while fighting shadow creatures using Personas, manifestations of a character's inner psyche. The game is known for its stylish presentation, strong character-driven story, and blend of simulation and turn-based RPG mechanics."
287,Ratchet & Clank Future: A Crack in Time,Action,['PlayStation 3'],2009-10-27,Insomniac Games,Sony Computer Entertainment,"Ratchet & Clank Future: A Crack in Time is a third-person action-platformer that follows Ratchet and Clank as they are separated during a battle with the villainous Dr. Nefarious and the mysterious Great Clock. Ratchet searches the galaxy for Clank while uncovering secrets about the Lombaxes, and Clank gains new time-manipulation abilities to solve puzzles and alter the flow of combat. The game blends weapon-based shooting, platforming, exploration, and puzzle-solving, with space travel between planets and upgrades for weapons and gadgets. It is widely regarded as one of the standout entries in the Ratchet & Clank series, praised for its humor, polished gameplay, and strong story."
288,Dragon Ball Z: Budokai Tenkaichi 3,Action,"['PlayStation 2', 'Wii']",2007-10-04,Spike,Bandai Namco Games,"Dragon Ball Z: Budokai Tenkaichi 3 is a 3D arena fighting game based on the Dragon Ball franchise, featuring a massive roster of characters from Dragon Ball, Dragon Ball Z, Dragon Ball GT, and select movie characters. Players battle in large destructible environments with fast aerial combat, beam clashes, transformations, and signature special attacks. The game expands on its predecessor with improved graphics, more characters, refined controls, and a greater emphasis on faithful anime-style action. It also includes day and night stages, weather effects, and a variety of modes such as Dragon Adventure and Battle modes. Widely regarded as one of the most content-rich Dragon Ball fighting games, it is known for its extensive fan service and large-scale battles."
289,It Takes Two,Adventure,"['PC', 'PlayStation 4', 'PlayStation 5', 'Xbox One', 'Xbox Series X/S', 'Nintendo Switch']",2021-03-26,Hazelight Studios,Electronic Arts,"It Takes Two is a cooperative action-adventure game designed exclusively for two players. It follows Cody and May, a couple on the verge of divorce who are transformed into dolls by a magic spell and must work together to navigate imaginative, puzzle-filled worlds in order to repair their broken relationship and return to their daughter. The game blends platforming, puzzle solving, and varied gameplay mechanics that change frequently across each chapter, emphasizing teamwork, communication, and coordination. It features a Friend’s Pass system, allowing one player to join for free if the other owns the game. Directed by Josef Fares, It Takes Two is widely praised for its creativity, humor, and inventive co-op design."
290,Enderal: Forgotten Stories,RPG,['PC'],2019-02-14,SureAI,SureAI,"Enderal: Forgotten Stories is a standalone total conversion mod for The Elder Scrolls V: Skyrim that delivers a full role-playing game with its own world, story, lore, and characters. Set in the land of Enderal, it follows a darker, more narrative-driven journey centered on exploration, choice, and psychological themes. The Forgotten Stories expansion adds new quest lines, classes, crafting options, and additional endings, significantly expanding the original Enderal experience. Players can explore a vast open world, engage in deep character progression, and uncover secrets tied to the game’s intricate mythology."
291,Hi-Fi Rush,Action,"['PC', 'Console']",2023-01-25,Tango Gameworks,Bethesda Softworks,"Hi-Fi Rush is a rhythm-action game where combat, movement, and environmental interactions sync to the beat of the music. Players control Chai, a wannabe rock star who gains a music player embedded in his chest and is caught in a corporate conspiracy at Vandelay Technologies. The game blends stylish hack-and-slash combat with timing-based attacks, combos, parries, and special moves that reward playing in rhythm with its energetic soundtrack. It is known for its vibrant cel-shaded art style, comedic tone, and fast-paced, visually expressive presentation."
292,Pizza Tower,Action,['PC'],2023-01-26,Tour De Pizza,Tour De Pizza,"Pizza Tower is a fast-paced 2D platformer inspired by Wario Land and 1990s cartoon aesthetics. Players control Peppino Spaghetti, an anxious but surprisingly capable pizza chef, as he dashes, jumps, slides, and attacks through bizarre, hand-drawn levels inside a strange tower. The game emphasizes speed, combo chaining, exploration, and skillful movement, rewarding players for maintaining momentum and mastering each stage’s routes and secrets. Its style blends expressive animation, loud humor, and energetic music into a chaotic, highly polished platforming experience."
293,Anomaly Agent,Action,"['PC', 'Nintendo Switch', 'PlayStation 4', 'PlayStation 5', 'Xbox One', 'Xbox Series X|S']",2024-01-24,Phew Phew Games,Plug In Digital,"Anomaly Agent is a stylish 2D action platformer with light RPG elements, set in a cyberpunk world where anomalies threaten the fabric of reality. Players control Agent 70, an undercover operative investigating a city-wide conspiracy while using fluid melee and gun combat, time-bending abilities, and acrobatic movement to battle enemies and bosses. The game emphasizes fast-paced combat, exploration, and upgrading skills and equipment as the story unfolds."
294,Phoenotopia: Awakening,Adventure,"['PC', 'Nintendo Switch']",2021-01-21,Cape Cosmic,Cape Cosmic,"Phoenotopia: Awakening is a side-scrolling action-adventure game with puzzle-solving, exploration, and light RPG elements. Set in a colorful post-apocalyptic world, it follows Gail, a farm girl who sets out to find her missing townsfolk and ends up uncovering the mysteries of a decaying civilization. The game emphasizes hand-crafted areas, secrets, stamina-based combat, platforming challenges, and non-linear progression. It blends classic adventure game design with a detailed, expressive art style and a large world filled with NPCs, side quests, and optional discoveries."
295,SpongeBob SquarePants: Battle for Bikini Bottom - Rehydrated,Adventure,"['PC', 'PlayStation 4', 'Xbox One', 'Nintendo Switch', 'iOS', 'Android']",2020-06-23,Purple Lamp Studios,THQ Nordic,"SpongeBob SquarePants: Battle for Bikini Bottom - Rehydrated is a faithful remake of the 2003 cult-classic 3D platformer. Players control SpongeBob, Patrick, and Sandy, each with unique abilities, to stop Plankton’s army of rogue robots from taking over Bikini Bottom. The game features colorful platforming, collectible-hunting, puzzle-solving, and boss battles across familiar locations from the SpongeBob universe. It includes updated visuals, improved audio, restored cut content, and a local two-player horde mode inspired by the original release. "
296,The Legend of Zelda: Tears of the Kingdom,Adventure,['Nintendo Switch'],2023-05-12,Nintendo EPD,Nintendo,"The Legend of Zelda: Tears of the Kingdom is an action-adventure game set in a vast open world version of Hyrule. As Link, players explore the land, sky, and underground while using new abilities to build vehicles, solve physics-based puzzles, and combat enemies. It expands on Breath of the Wild with a greater focus on creative freedom, traversal, and player experimentation."
297,Xenoblade Chronicles 3,RPG,['Nintendo Switch'],2022-07-29,Monolith Soft,Nintendo,"Xenoblade Chronicles 3 is a story-driven Japanese role-playing game set in the world of Aionios, where two nations, Keves and Agnus, are locked in an endless war. Players control Noah and his companions as they uncover the truth behind their conflict while journeying across a vast open-world landscape. The game features real-time combat with positional attacks, class-based character progression, and the innovative Ouroboros system, which allows pairs of characters to merge into powerful forms. As the third mainline entry in the Xenoblade Chronicles series, it blends exploration, emotional storytelling, and large-scale battles, and also connects thematically to earlier games in the franchise."
298,Metroid Dread,Action,['Nintendo Switch'],2021-10-08,MercurySteam,Nintendo,"Metroid Dread is a 2D action-adventure game and the fifth main entry in Nintendo’s Metroid series, following Samus Aran as she investigates a deadly threat on the planet ZDR. Blending exploration, combat, and platforming, the game emphasizes fast-paced movement, precise shooting, and backtracking through interconnected areas as Samus gains new abilities. It introduces E.M.M.I. robots, highly dangerous hunter machines that force stealth and quick reflexes during tense chase sequences. Released for Nintendo Switch, Metroid Dread was praised for its responsive controls, challenging boss fights, atmospheric world design, and modern take on the classic Metroid formula."
299,Theatrhythm Final Bar Line,RPG,"['PlayStation 4', 'Nintendo Switch']",2023-02-16,Indieszero,Square Enix,"Theatrhythm Final Bar Line is a rhythm action game featuring music from across the Final Fantasy series and other Square Enix titles. Players tap, hold, and slide in time with more than 385 songs in the base game, with additional tracks available through DLC. The game includes multiple modes, including series-based quests, challenge maps, and online multiplayer, letting players build parties of familiar characters and progress through stages set to iconic Final Fantasy music. It also supports a wide roster of characters, each with unique stats and abilities inspired by their home games. Designed as both a celebration of Final Fantasy history and a challenging rhythm experience, it offers extensive fan service through music, characters, and scenes drawn from the franchise's long-running legacy."
300,Final Fantasy VII Rebirth,RPG,['PlayStation 5'],2024-02-29,Square Enix,Square Enix,"Final Fantasy VII Rebirth is an action role-playing game and the second entry in Square Enix’s Final Fantasy VII remake project. It continues the story of Cloud Strife and his allies after the events of Final Fantasy VII Remake, as they leave Midgar and journey across the world in pursuit of Sephiroth. The game expands the original story with new character moments, side content, and a larger open-world structure featuring exploration, combat, mini-games, and summons. It blends real-time action with tactical command-based mechanics, letting players switch between party members and use synergistic abilities in battle."
